-- phpMyAdmin SQL Dump
-- version 5.0.4
-- https://www.phpmyadmin.net/
--
-- Host: 127.0.0.1
-- Generation Time: Mar 05, 2021 at 10:18 PM
-- Server version: 10.4.17-MariaDB
-- PHP Version: 7.4.14

SET SQL_MODE = "NO_AUTO_VALUE_ON_ZERO";
START TRANSACTION;
SET time_zone = "+00:00";


/*!40101 SET @OLD_CHARACTER_SET_CLIENT=@@CHARACTER_SET_CLIENT */;
/*!40101 SET @OLD_CHARACTER_SET_RESULTS=@@CHARACTER_SET_RESULTS */;
/*!40101 SET @OLD_COLLATION_CONNECTION=@@COLLATION_CONNECTION */;
/*!40101 SET NAMES utf8mb4 */;

--
-- Database: `laravel_blog`
--

-- --------------------------------------------------------

--
-- Table structure for table `categories`
--

CREATE TABLE `categories` (
  `id` bigint(20) UNSIGNED NOT NULL,
  `name` varchar(255) COLLATE utf8mb4_unicode_ci NOT NULL,
  `img` varchar(255) COLLATE utf8mb4_unicode_ci DEFAULT NULL,
  `description` text COLLATE utf8mb4_unicode_ci NOT NULL,
  `created_at` timestamp NULL DEFAULT NULL,
  `updated_at` timestamp NULL DEFAULT NULL
) ENGINE=InnoDB DEFAULT CHARSET=utf8mb4 COLLATE=utf8mb4_unicode_ci;

--
-- Dumping data for table `categories`
--

INSERT INTO `categories` (`id`, `name`, `img`, `description`, `created_at`, `updated_at`) VALUES
(1, 'News', 'right1.jpg', 'Eius unde alias molestiae similique animi ipsum est dolor dolores ipsam culpa.', '2021-03-02 09:05:59', '2021-03-02 09:05:59'),
(2, 'Celebrities', 'right1.jpg', 'Vel fugit dolore aut vel laborum rerum quia voluptatum eos eum deserunt sequi suscipit rem.', '2021-03-02 09:06:00', '2021-03-02 09:06:00'),
(3, 'Food', 'right1.jpg', 'Quia dolor ut qui fugiat dolorum quisquam ut labore distinctio nostrum enim inventore.', '2021-03-02 09:06:01', '2021-03-02 09:06:01'),
(4, 'Cars2', 'right1.jpg', 'Qui ut architecto magni nihil nobis aut molestiae.fsf', '2021-03-02 09:06:02', '2021-03-02 12:54:27'),
(7, 'Milan Eic', 'storage/images/categories/Wv6H6RMgCxq60Ca7N4jLtHDq57IRX1jYK52z5UC1.jpg', 'dsadada', '2021-03-02 13:08:16', '2021-03-02 13:08:16'),
(8, 'Amelia Hansen', 'storage/images/categories/Pfmu0W26fYwTZPqi40FF9ZiheMnjN5saeBtaTqfF.jpg', 'dsadasdasda', '2021-03-02 13:13:19', '2021-03-02 13:13:54');

-- --------------------------------------------------------

--
-- Table structure for table `category_post`
--

CREATE TABLE `category_post` (
  `category_id` bigint(20) UNSIGNED NOT NULL,
  `post_id` bigint(20) UNSIGNED NOT NULL,
  `created_at` timestamp NULL DEFAULT NULL,
  `updated_at` timestamp NULL DEFAULT NULL
) ENGINE=InnoDB DEFAULT CHARSET=utf8mb4 COLLATE=utf8mb4_unicode_ci;

--
-- Dumping data for table `category_post`
--

INSERT INTO `category_post` (`category_id`, `post_id`, `created_at`, `updated_at`) VALUES
(1, 5, NULL, NULL),
(1, 12, NULL, NULL),
(1, 23, NULL, NULL),
(1, 28, NULL, NULL),
(1, 32, NULL, NULL),
(1, 36, NULL, NULL),
(1, 41, NULL, NULL),
(1, 44, NULL, NULL),
(1, 45, NULL, NULL),
(1, 46, NULL, NULL),
(1, 47, NULL, NULL),
(1, 56, NULL, NULL),
(1, 57, NULL, NULL),
(1, 60, NULL, NULL),
(1, 64, NULL, NULL),
(1, 70, NULL, NULL),
(1, 76, NULL, NULL),
(1, 82, NULL, NULL),
(1, 84, NULL, NULL),
(1, 85, NULL, NULL),
(1, 96, NULL, NULL),
(1, 98, NULL, NULL),
(1, 108, NULL, NULL),
(1, 109, NULL, NULL),
(1, 110, NULL, NULL),
(1, 111, NULL, NULL),
(2, 3, NULL, NULL),
(2, 4, NULL, NULL),
(2, 5, NULL, NULL),
(2, 6, NULL, NULL),
(2, 9, NULL, NULL),
(2, 11, NULL, NULL),
(2, 12, NULL, NULL),
(2, 18, NULL, NULL),
(2, 23, NULL, NULL),
(2, 24, NULL, NULL),
(2, 27, NULL, NULL),
(2, 28, NULL, NULL),
(2, 32, NULL, NULL),
(2, 33, NULL, NULL),
(2, 36, NULL, NULL),
(2, 37, NULL, NULL),
(2, 41, NULL, NULL),
(2, 43, NULL, NULL),
(2, 44, NULL, NULL),
(2, 45, NULL, NULL),
(2, 46, NULL, NULL),
(2, 47, NULL, NULL),
(2, 54, NULL, NULL),
(2, 55, NULL, NULL),
(2, 56, NULL, NULL),
(2, 57, NULL, NULL),
(2, 60, NULL, NULL),
(2, 63, NULL, NULL),
(2, 64, NULL, NULL),
(2, 65, NULL, NULL),
(2, 70, NULL, NULL),
(2, 71, NULL, NULL),
(2, 73, NULL, NULL),
(2, 74, NULL, NULL),
(2, 75, NULL, NULL),
(2, 76, NULL, NULL),
(2, 82, NULL, NULL),
(2, 83, NULL, NULL),
(2, 84, NULL, NULL),
(2, 85, NULL, NULL),
(2, 89, NULL, NULL),
(2, 90, NULL, NULL),
(2, 91, NULL, NULL),
(2, 96, NULL, NULL),
(2, 98, NULL, NULL),
(2, 111, NULL, NULL),
(2, 112, NULL, NULL),
(3, 1, NULL, NULL),
(3, 2, NULL, NULL),
(3, 3, NULL, NULL),
(3, 4, NULL, NULL),
(3, 6, NULL, NULL),
(3, 7, NULL, NULL),
(3, 8, NULL, NULL),
(3, 9, NULL, NULL),
(3, 10, NULL, NULL),
(3, 11, NULL, NULL),
(3, 13, NULL, NULL),
(3, 14, NULL, NULL),
(3, 15, NULL, NULL),
(3, 16, NULL, NULL),
(3, 17, NULL, NULL),
(3, 18, NULL, NULL),
(3, 19, NULL, NULL),
(3, 20, NULL, NULL),
(3, 21, NULL, NULL),
(3, 22, NULL, NULL),
(3, 24, NULL, NULL),
(3, 25, NULL, NULL),
(3, 26, NULL, NULL),
(3, 27, NULL, NULL),
(3, 29, NULL, NULL),
(3, 30, NULL, NULL),
(3, 31, NULL, NULL),
(3, 33, NULL, NULL),
(3, 34, NULL, NULL),
(3, 35, NULL, NULL),
(3, 37, NULL, NULL),
(3, 38, NULL, NULL),
(3, 39, NULL, NULL),
(3, 40, NULL, NULL),
(3, 42, NULL, NULL),
(3, 43, NULL, NULL),
(3, 48, NULL, NULL),
(3, 49, NULL, NULL),
(3, 50, NULL, NULL),
(3, 51, NULL, NULL),
(3, 52, NULL, NULL),
(3, 53, NULL, NULL),
(3, 54, NULL, NULL),
(3, 55, NULL, NULL),
(3, 58, NULL, NULL),
(3, 59, NULL, NULL),
(3, 61, NULL, NULL),
(3, 62, NULL, NULL),
(3, 63, NULL, NULL),
(3, 65, NULL, NULL),
(3, 66, NULL, NULL),
(3, 67, NULL, NULL),
(3, 68, NULL, NULL),
(3, 69, NULL, NULL),
(3, 71, NULL, NULL),
(3, 72, NULL, NULL),
(3, 73, NULL, NULL),
(3, 74, NULL, NULL),
(3, 75, NULL, NULL),
(3, 77, NULL, NULL),
(3, 78, NULL, NULL),
(3, 79, NULL, NULL),
(3, 80, NULL, NULL),
(3, 81, NULL, NULL),
(3, 83, NULL, NULL),
(3, 86, NULL, NULL),
(3, 87, NULL, NULL),
(3, 88, NULL, NULL),
(3, 89, NULL, NULL),
(3, 90, NULL, NULL),
(3, 91, NULL, NULL),
(3, 92, NULL, NULL),
(3, 93, NULL, NULL),
(3, 94, NULL, NULL),
(3, 95, NULL, NULL),
(3, 97, NULL, NULL),
(3, 99, NULL, NULL),
(3, 100, NULL, NULL),
(4, 1, NULL, NULL),
(4, 2, NULL, NULL),
(4, 7, NULL, NULL),
(4, 8, NULL, NULL),
(4, 10, NULL, NULL),
(4, 13, NULL, NULL),
(4, 14, NULL, NULL),
(4, 15, NULL, NULL),
(4, 16, NULL, NULL),
(4, 17, NULL, NULL),
(4, 19, NULL, NULL),
(4, 20, NULL, NULL),
(4, 21, NULL, NULL),
(4, 22, NULL, NULL),
(4, 25, NULL, NULL),
(4, 26, NULL, NULL),
(4, 29, NULL, NULL),
(4, 30, NULL, NULL),
(4, 31, NULL, NULL),
(4, 34, NULL, NULL),
(4, 35, NULL, NULL),
(4, 38, NULL, NULL),
(4, 39, NULL, NULL),
(4, 40, NULL, NULL),
(4, 42, NULL, NULL),
(4, 48, NULL, NULL),
(4, 49, NULL, NULL),
(4, 50, NULL, NULL),
(4, 51, NULL, NULL),
(4, 52, NULL, NULL),
(4, 53, NULL, NULL),
(4, 58, NULL, NULL),
(4, 59, NULL, NULL),
(4, 61, NULL, NULL),
(4, 62, NULL, NULL),
(4, 66, NULL, NULL),
(4, 67, NULL, NULL),
(4, 68, NULL, NULL),
(4, 69, NULL, NULL),
(4, 72, NULL, NULL),
(4, 77, NULL, NULL),
(4, 78, NULL, NULL),
(4, 79, NULL, NULL),
(4, 80, NULL, NULL),
(4, 81, NULL, NULL),
(4, 86, NULL, NULL),
(4, 87, NULL, NULL),
(4, 88, NULL, NULL),
(4, 92, NULL, NULL),
(4, 93, NULL, NULL),
(4, 94, NULL, NULL),
(4, 95, NULL, NULL),
(4, 97, NULL, NULL),
(4, 99, NULL, NULL),
(4, 100, NULL, NULL),
(4, 111, NULL, NULL),
(4, 112, NULL, NULL),
(7, 112, NULL, NULL);

-- --------------------------------------------------------

--
-- Table structure for table `comments`
--

CREATE TABLE `comments` (
  `id` bigint(20) UNSIGNED NOT NULL,
  `user_id` bigint(20) UNSIGNED NOT NULL,
  `post_id` bigint(20) UNSIGNED NOT NULL,
  `text` text COLLATE utf8mb4_unicode_ci NOT NULL,
  `created_at` timestamp NULL DEFAULT NULL,
  `updated_at` timestamp NULL DEFAULT NULL
) ENGINE=InnoDB DEFAULT CHARSET=utf8mb4 COLLATE=utf8mb4_unicode_ci;

--
-- Dumping data for table `comments`
--

INSERT INTO `comments` (`id`, `user_id`, `post_id`, `text`, `created_at`, `updated_at`) VALUES
(1, 8, 1, 'Aliquam consequatur sed modi quia nostrum. Illum neque earum sapiente libero magnam dolore. Eos expedita nesciunt quasi. Perferendis nostrum eligendi placeat et. Quisquam unde quia tempora omnis est.', '2021-03-02 09:06:06', '2021-03-02 09:06:06'),
(2, 6, 1, 'Qui delectus et similique libero vero. Dicta est voluptas mollitia. Sunt voluptatibus et et quis modi quo delectus.', '2021-03-02 09:06:07', '2021-03-02 09:06:07'),
(3, 6, 2, 'Sint qui est odit. Ducimus nihil occaecati quia laborum voluptates aut. Et qui quam sunt voluptas et. Nisi non velit illo sit sint quas omnis. Nesciunt sit vitae sed quia ut placeat.', '2021-03-02 09:06:07', '2021-03-02 09:06:07'),
(4, 6, 2, 'Ipsa consectetur velit eos cum in porro dolorem aut. Earum voluptas beatae voluptate doloremque.', '2021-03-02 09:06:07', '2021-03-02 09:06:07'),
(5, 5, 3, 'Itaque impedit aperiam id quae ut ipsa quia eum. Voluptas unde omnis odio molestiae non id adipisci. Inventore natus qui ut est et voluptates.', '2021-03-02 09:06:07', '2021-03-02 09:06:07'),
(6, 6, 3, 'Consequatur nostrum qui sed. Accusamus neque cum esse deserunt voluptate officiis. Tempore facere et qui.', '2021-03-02 09:06:07', '2021-03-02 09:06:07'),
(7, 10, 4, 'Reiciendis ut repellendus ut. Fuga aut voluptatem quasi dolor corporis dolorem. Veritatis aperiam dolorem quaerat ipsum laudantium. Possimus mollitia quidem itaque nulla autem voluptatem cumque.', '2021-03-02 09:06:07', '2021-03-02 09:06:07'),
(8, 8, 4, 'Quos eaque quod voluptatem aut. Similique veniam voluptatem distinctio et fugiat deleniti. Est aut tempora voluptatum esse est iure sequi.', '2021-03-02 09:06:07', '2021-03-02 09:06:07'),
(9, 8, 5, 'Quos quas corrupti enim qui. Incidunt sed voluptas facere id ab.', '2021-03-02 09:06:07', '2021-03-02 09:06:07'),
(10, 6, 5, 'Velit vitae eos sapiente soluta et nostrum. Ipsa error fugit id quo non.', '2021-03-02 09:06:07', '2021-03-02 09:06:07'),
(11, 8, 6, 'Possimus facere iure voluptas aspernatur atque saepe rerum. Iure optio et voluptas rerum et minus. Dolor fuga odio sunt quam qui et.', '2021-03-02 09:06:07', '2021-03-02 09:06:07'),
(12, 5, 6, 'Totam voluptate maiores quia. At quia molestias fugit asperiores non quia. Impedit iusto qui iste architecto aperiam.', '2021-03-02 09:06:07', '2021-03-02 09:06:07'),
(13, 3, 7, 'Fugiat ab modi voluptas molestias tenetur. Distinctio magnam vero magnam perspiciatis non corporis. Libero corporis deleniti similique est nam.', '2021-03-02 09:06:07', '2021-03-02 09:06:07'),
(14, 7, 7, 'Similique enim deleniti sit est amet facere consectetur occaecati. Officia magnam odit delectus quas iusto id excepturi.', '2021-03-02 09:06:07', '2021-03-02 09:06:07'),
(15, 10, 8, 'Ut totam culpa perferendis dolorem debitis ullam voluptatem odio. Ipsa totam et aut rem possimus. Non voluptas non sit tenetur. Adipisci iusto voluptas sint odio sed architecto.', '2021-03-02 09:06:07', '2021-03-02 09:06:07'),
(16, 10, 8, 'Perferendis ratione veniam labore magni sed at. Consequatur iste consequuntur vitae cumque. Facere unde sequi necessitatibus atque enim modi.', '2021-03-02 09:06:07', '2021-03-02 09:06:07'),
(17, 10, 9, 'Sed ut ut aperiam. Et impedit perspiciatis corporis. Laboriosam provident nisi quos in omnis at ducimus officiis. Maxime atque ut nam molestiae.', '2021-03-02 09:06:07', '2021-03-02 09:06:07'),
(18, 6, 9, 'Aperiam voluptatibus consectetur sed delectus autem. Sit fugiat quia voluptate delectus. Enim aut ipsa facere voluptas et. Velit molestiae esse voluptatem reiciendis. Reiciendis et ex in natus.', '2021-03-02 09:06:07', '2021-03-02 09:06:07'),
(19, 5, 10, 'Quis natus et aut facilis provident quo. Recusandae ut quia aut similique voluptatibus ut voluptas. Asperiores autem laboriosam recusandae qui adipisci. Iste eius numquam qui iusto ut odio.', '2021-03-02 09:06:07', '2021-03-02 09:06:07'),
(20, 5, 10, 'Quasi quaerat sit sit voluptas dignissimos soluta. Ea at enim placeat recusandae quis et. Officiis ab officiis enim.', '2021-03-02 09:06:07', '2021-03-02 09:06:07'),
(21, 8, 11, 'Id eos non sunt totam magnam dolores aperiam. Quibusdam quidem velit cum ut reprehenderit dolorem repudiandae. Qui dolor reprehenderit consequuntur iusto dolor consequatur.', '2021-03-02 09:06:07', '2021-03-02 09:06:07'),
(22, 9, 11, 'Rerum voluptatem fugiat doloremque officia sapiente. Quia perspiciatis commodi vitae ut ut illum qui. Illo vero sunt consequatur omnis. Aliquam sit quia perferendis consequatur a magnam.', '2021-03-02 09:06:07', '2021-03-02 09:06:07'),
(23, 8, 12, 'Molestias dolor cum perspiciatis non. Earum possimus quasi et nihil. Dolor nulla error itaque iusto iste labore.', '2021-03-02 09:06:07', '2021-03-02 09:06:07'),
(24, 1, 12, 'Sint quaerat expedita commodi fugiat. Consequuntur aspernatur ipsam expedita. Voluptas enim quia ut inventore minus soluta.', '2021-03-02 09:06:07', '2021-03-02 09:06:07'),
(25, 8, 13, 'Quia quisquam repellendus officiis et ratione. Eligendi minus velit facere laudantium eveniet ut dolor suscipit. Mollitia aut tempora autem labore veniam fugit. Hic odit ut beatae saepe non.', '2021-03-02 09:06:07', '2021-03-02 09:06:07'),
(26, 1, 13, 'Omnis et corrupti dolor quibusdam. Totam facilis sed recusandae dolor consequuntur eum expedita. Voluptatum veritatis neque illum eos. Laborum beatae animi rerum aut. Et rem veniam et sit.', '2021-03-02 09:06:07', '2021-03-02 09:06:07'),
(27, 2, 14, 'Veritatis cumque excepturi aut odio esse laboriosam minus. Cupiditate qui labore cumque. Quia quia ut ad ex aut iure est. Eum quo mollitia ea explicabo sint laudantium.', '2021-03-02 09:06:07', '2021-03-02 09:06:07'),
(28, 8, 14, 'Error laudantium enim eum impedit aperiam illum enim. Sed cupiditate quis enim voluptas. Nihil eum libero laborum deserunt laborum. Corrupti eligendi vel exercitationem sapiente.', '2021-03-02 09:06:07', '2021-03-02 09:06:07'),
(29, 10, 15, 'Asperiores veniam autem necessitatibus sequi iste aut quam. Quia dolorem ullam doloribus tempora incidunt. At sit ut nobis totam aut aut et debitis. Et ipsa numquam hic porro expedita.', '2021-03-02 09:06:07', '2021-03-02 09:06:07'),
(30, 1, 15, 'Reprehenderit molestiae fugit voluptas maiores maiores aut occaecati. Omnis optio et officia provident sequi adipisci porro. Rerum perspiciatis consectetur qui eligendi.', '2021-03-02 09:06:07', '2021-03-02 09:06:07'),
(31, 6, 16, 'Architecto id suscipit et amet nemo adipisci non aut. Libero dignissimos quod possimus et non mollitia. Voluptatum architecto sunt unde reiciendis hic. Reprehenderit similique ullam est expedita.', '2021-03-02 09:06:07', '2021-03-02 09:06:07'),
(32, 9, 16, 'Dolores rerum veritatis est et est. Et et laudantium suscipit omnis eius. Eos nesciunt nisi tempora enim sit recusandae. Dolore veritatis doloremque asperiores eius ex odit.', '2021-03-02 09:06:07', '2021-03-02 09:06:07'),
(33, 10, 17, 'Repellat tempore fugit minima distinctio. Nihil est dolore nihil rem odit illo sed. Enim omnis sed similique.', '2021-03-02 09:06:07', '2021-03-02 09:06:07'),
(34, 7, 17, 'Facilis sint aut non molestiae. Ut autem corrupti quia voluptates quo dolore aperiam. In tempore dolor repellat quidem porro voluptas enim.', '2021-03-02 09:06:07', '2021-03-02 09:06:07'),
(35, 8, 18, 'Voluptas vel est eius reprehenderit atque. Et rerum explicabo odit quia. Possimus non doloribus et nam assumenda eum et. Soluta reprehenderit autem reprehenderit hic ut.', '2021-03-02 09:06:07', '2021-03-02 09:06:07'),
(36, 3, 18, 'Sint porro laboriosam eum inventore vel numquam. Aut ut accusantium quaerat quam repudiandae tenetur amet. Aliquam quibusdam et necessitatibus saepe qui molestiae laudantium.', '2021-03-02 09:06:07', '2021-03-02 09:06:07'),
(37, 6, 19, 'In ducimus possimus dolores cum aut et. Quia dolor adipisci sunt blanditiis reiciendis. Voluptatem cum aut perferendis sed.', '2021-03-02 09:06:07', '2021-03-02 09:06:07'),
(38, 8, 19, 'Temporibus debitis et nihil ut at. Nam voluptatum eius repellat consectetur id expedita. Quo ex et et at tempore consectetur similique blanditiis. Ullam debitis quia totam similique sunt dolorem sed.', '2021-03-02 09:06:07', '2021-03-02 09:06:07'),
(39, 7, 20, 'Qui aperiam sed qui. Qui porro eligendi non autem. Qui facere molestiae porro dolorum aperiam a iusto quia.', '2021-03-02 09:06:07', '2021-03-02 09:06:07'),
(40, 5, 20, 'Sed neque inventore qui aut dolores nam. A deleniti ex voluptate molestias ipsum.', '2021-03-02 09:06:07', '2021-03-02 09:06:07'),
(41, 4, 21, 'Omnis temporibus nobis soluta iure. Vel in dolores aspernatur quis rem. Eos quo aliquam nobis velit placeat quod et. Nihil fuga sed aut non et omnis tempore et.', '2021-03-02 09:06:08', '2021-03-02 09:06:08'),
(42, 5, 21, 'Error debitis explicabo saepe voluptates. Dolorem enim ex est. In qui hic dignissimos fugit facere dolore.', '2021-03-02 09:06:08', '2021-03-02 09:06:08'),
(43, 5, 22, 'Nihil ut dolorem reiciendis maxime mollitia fugit voluptatem. Recusandae sunt repellat deleniti explicabo quas excepturi dolorem aut. Corporis voluptas voluptatem voluptas animi dolore rem adipisci.', '2021-03-02 09:06:08', '2021-03-02 09:06:08'),
(44, 6, 22, 'Rerum perferendis consequatur vel quia vero esse deleniti. Quisquam animi ipsa non atque. Mollitia perferendis exercitationem omnis quas.', '2021-03-02 09:06:08', '2021-03-02 09:06:08'),
(45, 1, 23, 'Ut quia est eveniet et tenetur deserunt sunt. Enim qui error voluptatum eligendi officiis. Totam dolores fugit impedit sit nulla animi optio. Ad cumque aut deleniti quia iusto vitae.', '2021-03-02 09:06:08', '2021-03-02 09:06:08'),
(46, 3, 23, 'Quas consectetur nisi pariatur est tenetur ut non. Molestiae enim ut sed. Asperiores minus velit beatae harum dolores aliquam nostrum.', '2021-03-02 09:06:08', '2021-03-02 09:06:08'),
(47, 6, 24, 'Veritatis sapiente distinctio rem. Quos et ex eum. Quis temporibus aut et velit. Vero adipisci quae aut. Tempore est mollitia et facilis placeat sed commodi optio. Aut in velit sit distinctio.', '2021-03-02 09:06:08', '2021-03-02 09:06:08'),
(48, 3, 24, 'Eos consectetur tempore est qui placeat ipsam quisquam excepturi. Voluptatem quasi corrupti totam. Molestiae temporibus doloremque dolorum consectetur iste maxime.', '2021-03-02 09:06:08', '2021-03-02 09:06:08'),
(49, 9, 25, 'Aut magni voluptatem vero molestiae. Qui excepturi illo voluptatum. Perferendis dignissimos deleniti et temporibus.', '2021-03-02 09:06:08', '2021-03-02 09:06:08'),
(50, 7, 25, 'Laudantium amet aut a soluta. Tempora sit eos et atque voluptatibus corrupti quod. Quis similique nemo ut architecto. Facilis tempore vel blanditiis molestiae id ab tempore.', '2021-03-02 09:06:08', '2021-03-02 09:06:08'),
(51, 10, 26, 'Totam enim rerum ex consequuntur numquam. Occaecati et id consequuntur. Quo et beatae nisi ut aut numquam. Repellendus sunt voluptas quis aliquid omnis.', '2021-03-02 09:06:08', '2021-03-02 09:06:08'),
(52, 5, 26, 'Et voluptatum modi dolores suscipit. Officia ullam aliquid qui non rerum soluta. Velit omnis et sit. Incidunt magni consectetur facilis ea.', '2021-03-02 09:06:08', '2021-03-02 09:06:08'),
(53, 6, 27, 'Et aut minus veniam consequatur omnis voluptatibus. Quos rerum aspernatur nobis.', '2021-03-02 09:06:08', '2021-03-02 09:06:08'),
(54, 3, 27, 'Tempore tenetur et quis maiores similique ut ut. Vel ipsam dolores officiis tempora at repellendus.', '2021-03-02 09:06:08', '2021-03-02 09:06:08'),
(55, 7, 28, 'Itaque vel consequuntur asperiores totam et omnis sint. Impedit sequi sapiente nisi voluptatem. Repellat hic velit ipsum.', '2021-03-02 09:06:08', '2021-03-02 09:06:08'),
(56, 7, 28, 'Corrupti iste quidem ab. Labore similique voluptatum laudantium non. Libero illum magni laboriosam dolorem illo sunt praesentium eligendi.', '2021-03-02 09:06:08', '2021-03-02 09:06:08'),
(57, 7, 29, 'Assumenda sequi reiciendis enim. Rem vitae consectetur laboriosam. Vero et dolores minus. Corrupti quaerat accusantium sint reiciendis. Maiores labore repudiandae animi in qui natus excepturi quia.', '2021-03-02 09:06:08', '2021-03-02 09:06:08'),
(58, 9, 29, 'Omnis aut asperiores perferendis modi vel. Reprehenderit iste rerum et iusto. Ipsa quis dolorem aut perspiciatis voluptatum. Nemo minima et magni unde aut.', '2021-03-02 09:06:08', '2021-03-02 09:06:08'),
(59, 6, 30, 'Sed similique possimus qui aut. Sed sint est voluptas corrupti blanditiis. Non voluptatem in earum expedita.', '2021-03-02 09:06:08', '2021-03-02 09:06:08'),
(60, 8, 30, 'Quis illo ipsum autem officia nobis. Cum quisquam omnis debitis ullam quam consectetur sit. Accusamus culpa ipsum porro ut et iste vel quia. Quas quis et beatae doloribus quae.', '2021-03-02 09:06:08', '2021-03-02 09:06:08'),
(61, 2, 31, 'Qui repudiandae beatae a recusandae maxime. Ut non dignissimos nostrum placeat consequatur rem accusamus.', '2021-03-02 09:06:08', '2021-03-02 09:06:08'),
(62, 9, 31, 'Cumque assumenda laudantium ut. Culpa minus animi ea dolores nulla. Voluptatem velit ipsa ut molestiae.', '2021-03-02 09:06:08', '2021-03-02 09:06:08'),
(63, 1, 32, 'Quod labore sunt nulla quam a. Provident consequatur et ipsa reprehenderit amet asperiores placeat. Cupiditate inventore praesentium debitis deserunt corporis.', '2021-03-02 09:06:08', '2021-03-02 09:06:08'),
(64, 4, 32, 'Nihil quas consequuntur fugit cum inventore. Aspernatur qui qui omnis nihil accusantium accusantium atque. Et minima voluptate at ratione.', '2021-03-02 09:06:08', '2021-03-02 09:06:08'),
(65, 3, 33, 'Eum totam eaque tenetur et. Magni omnis perferendis est dolores. Ea dolorem consequatur inventore blanditiis quaerat. Dolores officiis cumque unde sunt.', '2021-03-02 09:06:09', '2021-03-02 09:06:09'),
(66, 1, 33, 'Excepturi rerum nihil et officia. Dolorem enim est iure hic tempore nisi consequatur. Non ipsum autem commodi at beatae eum. Consequatur reprehenderit ex rerum aut architecto cupiditate.', '2021-03-02 09:06:09', '2021-03-02 09:06:09'),
(67, 6, 34, 'Optio quisquam placeat debitis non voluptas est. Ex iste ut et quas cupiditate. Tempore ut qui quibusdam tempore id. Omnis nulla laboriosam quia. Consectetur soluta dignissimos dolor aut quas.', '2021-03-02 09:06:09', '2021-03-02 09:06:09'),
(68, 9, 34, 'Facilis exercitationem similique quae non dolor. Ut et eligendi ut nesciunt nostrum exercitationem. Molestiae saepe consequatur quis qui sequi.', '2021-03-02 09:06:09', '2021-03-02 09:06:09'),
(69, 8, 35, 'Nam perspiciatis fugit vel perspiciatis et quia nihil. Mollitia placeat iusto et animi. Tempore ea vel porro itaque quia iusto non.', '2021-03-02 09:06:09', '2021-03-02 09:06:09'),
(70, 8, 35, 'Recusandae veritatis laborum rem repellat officia. At sint reiciendis aut sit ea. Dolorem ipsam eos ut quia.', '2021-03-02 09:06:09', '2021-03-02 09:06:09'),
(71, 1, 36, 'Rerum eaque modi nulla aut quia voluptatem recusandae. Hic at et recusandae. Quo quo hic quo velit delectus voluptates. Deleniti nesciunt est sit qui. Fugiat officia eum explicabo quo odit.', '2021-03-02 09:06:09', '2021-03-02 09:06:09'),
(72, 3, 36, 'Nihil nemo placeat ea quas quod. Repudiandae fuga facere porro rem vitae ad. Iure dicta provident accusamus omnis. Porro corrupti et excepturi libero.', '2021-03-02 09:06:09', '2021-03-02 09:06:09'),
(73, 9, 37, 'Cum sequi et consectetur a ut rerum dolore. Molestiae voluptas et quos quibusdam et nulla.', '2021-03-02 09:06:09', '2021-03-02 09:06:09'),
(74, 2, 37, 'Et ipsam debitis distinctio cumque non voluptatem. Odit voluptate facere quis dolores quas aut.', '2021-03-02 09:06:09', '2021-03-02 09:06:09'),
(75, 8, 38, 'Quia cumque quibusdam autem eos earum sapiente. Iusto dolorem exercitationem voluptate itaque fugiat. Ab dolor delectus beatae optio aliquid voluptates quas.', '2021-03-02 09:06:09', '2021-03-02 09:06:09'),
(76, 5, 38, 'Tempora repudiandae eum harum inventore. Earum dolore adipisci omnis dolorem.', '2021-03-02 09:06:09', '2021-03-02 09:06:09'),
(77, 6, 39, 'Dolorem enim quae vel cupiditate. Qui dignissimos nesciunt alias. Dignissimos dolorem cumque maiores nam reiciendis est.', '2021-03-02 09:06:09', '2021-03-02 09:06:09'),
(78, 6, 39, 'Error quidem amet minima placeat et cupiditate minima corporis. Et eos in officiis id. Odit sed omnis dolor dicta error beatae asperiores sint.', '2021-03-02 09:06:09', '2021-03-02 09:06:09'),
(79, 1, 40, 'Incidunt quia aliquam nihil. Praesentium quia earum distinctio. Aspernatur eligendi asperiores autem quos necessitatibus. Quidem tenetur deleniti aut in quia.', '2021-03-02 09:06:09', '2021-03-02 09:06:09'),
(80, 2, 40, 'Quos voluptate unde dolor aut assumenda officia earum. Numquam ex numquam ab itaque reprehenderit libero quas. Non ab laudantium quos optio. Omnis aliquid quis porro.', '2021-03-02 09:06:09', '2021-03-02 09:06:09'),
(81, 5, 41, 'Explicabo at dicta porro ea consequatur. Velit sed voluptatum inventore delectus rerum inventore. Doloribus velit aut nihil.', '2021-03-02 09:06:09', '2021-03-02 09:06:09'),
(82, 7, 41, 'Quia recusandae id beatae totam. Facilis velit et ipsam nemo. Quis velit tempora tenetur. In fugit unde delectus magni enim totam veniam.', '2021-03-02 09:06:09', '2021-03-02 09:06:09'),
(83, 3, 42, 'Et dolores corporis est magni. Magnam ea dignissimos expedita debitis. Nam adipisci aliquid quo fugit a at. Molestiae nulla ad et.', '2021-03-02 09:06:09', '2021-03-02 09:06:09'),
(84, 8, 42, 'Labore velit quae ex sed aut est. Temporibus est iure ad totam cumque. Accusamus omnis quod incidunt necessitatibus adipisci id voluptas commodi. Sit sed ut nesciunt sint veniam est.', '2021-03-02 09:06:09', '2021-03-02 09:06:09'),
(85, 8, 43, 'Dignissimos assumenda quis et sed minus. Sint et blanditiis autem temporibus. Repellendus quaerat eius ut et atque.', '2021-03-02 09:06:09', '2021-03-02 09:06:09'),
(86, 1, 43, 'Et numquam omnis eligendi nam ex. Accusantium unde ut non debitis totam ut. In ea exercitationem repellendus ab nobis debitis. A et ad ea odit.', '2021-03-02 09:06:09', '2021-03-02 09:06:09'),
(87, 5, 44, 'Sint sit velit corporis consequatur tempora. Modi est libero debitis modi molestias et dicta. Error soluta mollitia eum fuga aspernatur nihil voluptatem.', '2021-03-02 09:06:09', '2021-03-02 09:06:09'),
(88, 3, 44, 'Officia nihil voluptatem pariatur voluptatem quasi aut id. Non ut et qui quia eos. Voluptatem aliquid aut porro omnis quia enim.', '2021-03-02 09:06:09', '2021-03-02 09:06:09'),
(89, 5, 45, 'Sed voluptates est odio ea pariatur sint dolore. Assumenda a modi quasi sequi quis. Et ipsam sapiente repudiandae distinctio. Ut est dicta libero nihil libero. Iure quia tenetur quis et.', '2021-03-02 09:06:09', '2021-03-02 09:06:09'),
(90, 4, 45, 'In eum nihil ea et saepe. Ipsum et dolore eveniet praesentium voluptatum mollitia accusamus. Ut et eaque odio fugit molestias unde omnis. Distinctio non quaerat placeat magnam velit rem.', '2021-03-02 09:06:09', '2021-03-02 09:06:09'),
(91, 2, 46, 'Eos soluta voluptas nemo molestias omnis. Neque fuga ut nemo aut recusandae. Architecto dolorem modi id laborum rerum explicabo consequatur. Voluptatem est numquam quod iusto quia rerum fugiat vel.', '2021-03-02 09:06:09', '2021-03-02 09:06:09'),
(92, 4, 46, 'Tenetur nesciunt illo quam fugit voluptatibus dolor. Repellendus nulla ipsa pariatur omnis porro. Praesentium magni enim et velit nisi quas asperiores.', '2021-03-02 09:06:09', '2021-03-02 09:06:09'),
(93, 9, 47, 'Eum ut in aut non ipsum sed natus. Consequatur vel asperiores amet at quia. Eligendi nisi cumque sapiente alias doloribus molestiae omnis.', '2021-03-02 09:06:09', '2021-03-02 09:06:09'),
(94, 10, 47, 'Nisi ut itaque quis id atque ea. Maxime dolorem quisquam voluptatem maxime deleniti qui necessitatibus. Sit consequatur vitae modi est omnis molestiae illo.', '2021-03-02 09:06:09', '2021-03-02 09:06:09'),
(95, 5, 48, 'Quis accusantium fugiat molestiae error nesciunt. Quos molestiae iste qui aut.', '2021-03-02 09:06:09', '2021-03-02 09:06:09'),
(96, 2, 48, 'Ipsum alias illo ad explicabo nemo. Autem quaerat libero illo ea. Est eos nobis eum. Dolorem consequatur ex quos numquam ea animi est. Et in eaque perferendis rem iure.', '2021-03-02 09:06:09', '2021-03-02 09:06:09'),
(97, 1, 49, 'Unde laborum voluptatibus officia quod quas. Nihil ipsa ut sit. Nemo pariatur unde mollitia explicabo esse quos.', '2021-03-02 09:06:09', '2021-03-02 09:06:09'),
(98, 8, 49, 'Optio magnam laborum voluptas. Sed in voluptates deserunt. Iste hic consequuntur nesciunt perferendis.', '2021-03-02 09:06:09', '2021-03-02 09:06:09'),
(99, 3, 50, 'Ea et ut explicabo et. Aut suscipit quas aperiam ad aut veniam repudiandae. Et provident soluta et nostrum ducimus quis ut.', '2021-03-02 09:06:10', '2021-03-02 09:06:10'),
(100, 2, 50, 'Totam est libero quae quibusdam dolor quibusdam non. Nesciunt veniam doloribus voluptas et debitis. Aut qui pariatur aut iusto. At nam natus est fuga enim.', '2021-03-02 09:06:10', '2021-03-02 09:06:10'),
(101, 2, 51, 'Dolor odio debitis qui dolorem non sed. Nihil non soluta et quia et ut. Maiores et quidem itaque culpa. Et at placeat labore officia beatae hic.', '2021-03-02 09:06:10', '2021-03-02 09:06:10'),
(102, 10, 51, 'At magni amet earum omnis non. Consequatur in veniam qui explicabo. In eos tempore sunt. Est vitae eveniet dicta odit officiis.', '2021-03-02 09:06:10', '2021-03-02 09:06:10'),
(103, 7, 52, 'Eum vero optio nesciunt ut id et. Optio non aut autem nam eum nostrum.', '2021-03-02 09:06:10', '2021-03-02 09:06:10'),
(104, 10, 52, 'Voluptatum dolorem expedita aperiam cum mollitia. Consequatur totam in perspiciatis sapiente iusto reiciendis quis.', '2021-03-02 09:06:10', '2021-03-02 09:06:10'),
(105, 3, 53, 'Odio repellat sint distinctio est pariatur. Eligendi qui tenetur rem officiis ab in aperiam sed. Placeat in eveniet sunt odit animi ut assumenda. Minus veritatis atque accusantium sit sit.', '2021-03-02 09:06:10', '2021-03-02 09:06:10'),
(106, 6, 53, 'Laboriosam corrupti id et modi. Quibusdam debitis ab ut modi est et. Nostrum quo aliquam nemo.', '2021-03-02 09:06:10', '2021-03-02 09:06:10'),
(107, 9, 54, 'Omnis dolore totam neque ut et expedita maxime. Qui officia porro et est. Debitis aut in quidem et nisi.', '2021-03-02 09:06:10', '2021-03-02 09:06:10'),
(108, 1, 54, 'Inventore eum temporibus nisi quo asperiores ea dolorem. Corrupti ea explicabo quia officia sunt iure unde rem. Nulla in nemo ipsum vel iusto.', '2021-03-02 09:06:10', '2021-03-02 09:06:10'),
(109, 6, 55, 'Quaerat qui iure nostrum labore id et. Inventore rerum et aut possimus et officiis ab vel. Voluptatem eum quod omnis eos temporibus maxime est.', '2021-03-02 09:06:10', '2021-03-02 09:06:10'),
(110, 2, 55, 'Eum quia assumenda error nihil quam nihil nesciunt. A id consequatur porro ex. In dolorem temporibus numquam culpa voluptas. Ea sit totam dolorem cum pariatur nemo.', '2021-03-02 09:06:10', '2021-03-02 09:06:10'),
(111, 1, 56, 'Cumque accusamus nostrum numquam adipisci vitae debitis. Accusantium vero voluptatem qui mollitia assumenda illum. Tempora rerum mollitia laudantium laboriosam.', '2021-03-02 09:06:10', '2021-03-02 09:06:10'),
(112, 10, 56, 'Aut alias minus eos quod. Rem pariatur facilis vitae reiciendis nobis quia est. Aliquam nesciunt omnis non animi voluptatum molestias. Et voluptatem quam ad provident praesentium.', '2021-03-02 09:06:10', '2021-03-02 09:06:10'),
(113, 7, 57, 'Quia doloribus voluptates animi et corrupti quisquam amet. Blanditiis vel est at eos beatae. Incidunt quae eveniet ut ipsam repudiandae pariatur quia.', '2021-03-02 09:06:10', '2021-03-02 09:06:10'),
(114, 3, 57, 'Reiciendis voluptatibus nulla autem illo. Hic consequatur magni quisquam cupiditate ullam hic. Accusantium voluptas aut saepe reiciendis. Commodi assumenda corporis laborum optio.', '2021-03-02 09:06:10', '2021-03-02 09:06:10'),
(115, 3, 58, 'Reprehenderit molestiae consequatur iusto aut sint. Eveniet maiores expedita ipsa cumque laboriosam nostrum. Eum voluptatibus libero dolores necessitatibus expedita.', '2021-03-02 09:06:10', '2021-03-02 09:06:10'),
(116, 4, 58, 'Provident facere qui omnis illum. Nisi laboriosam aut pariatur necessitatibus est aut aut. Accusamus sapiente quis hic dignissimos esse. Aut ea est repellat ut.', '2021-03-02 09:06:10', '2021-03-02 09:06:10'),
(117, 3, 59, 'Adipisci ipsa consequatur debitis voluptatibus perferendis non. Aut aliquid rem et laudantium. Alias quae dolore voluptatem iste.', '2021-03-02 09:06:10', '2021-03-02 09:06:10'),
(118, 7, 59, 'Quibusdam cupiditate exercitationem modi labore. Dolorum aliquam vel necessitatibus quia quo. Blanditiis repellendus suscipit quas nam ab molestiae. Saepe eaque tempore ullam et ad.', '2021-03-02 09:06:11', '2021-03-02 09:06:11'),
(119, 8, 60, 'Praesentium officiis facilis aperiam eum consequatur itaque nesciunt. Rerum expedita suscipit omnis aliquid ut qui. Recusandae asperiores quasi praesentium explicabo mollitia.', '2021-03-02 09:06:11', '2021-03-02 09:06:11'),
(120, 6, 60, 'Est modi est impedit deleniti beatae harum repellat reprehenderit. Facilis facilis officia nemo maxime nisi facere. Ut consequatur rerum esse esse. Nam et rerum quasi quam reiciendis tempore.', '2021-03-02 09:06:11', '2021-03-02 09:06:11'),
(121, 9, 61, 'Quos provident velit ad et aut eum sed. Enim esse ea voluptas explicabo vel suscipit laudantium. Est sed repellendus quia omnis sed rerum voluptatum.', '2021-03-02 09:06:11', '2021-03-02 09:06:11'),
(122, 4, 61, 'In reiciendis molestias earum. Facere est iste quae molestiae ut perspiciatis cupiditate. Et velit corporis ut quidem quibusdam et. Quasi ea aut et dignissimos.', '2021-03-02 09:06:11', '2021-03-02 09:06:11'),
(123, 9, 62, 'Rem odit qui sed soluta vitae. Aspernatur minus voluptatem ut dignissimos exercitationem ipsam odit. Mollitia veritatis qui eius voluptates.', '2021-03-02 09:06:11', '2021-03-02 09:06:11'),
(124, 7, 62, 'Sit id dolor quibusdam enim et nulla delectus. Aliquid ut quidem fugiat aliquid iusto. Laboriosam nihil rem earum assumenda. Qui laborum accusamus magnam qui.', '2021-03-02 09:06:11', '2021-03-02 09:06:11'),
(125, 2, 63, 'Enim in consequuntur veniam ut ducimus. Sunt ab sit aut eum nam voluptates expedita. Veniam nisi omnis iusto libero. Iste quia quaerat autem tempore et.', '2021-03-02 09:06:11', '2021-03-02 09:06:11'),
(126, 9, 63, 'Earum ut rem omnis et aspernatur. Voluptatem et quia dignissimos deserunt. Culpa ad quasi odit accusantium consequatur. Beatae illo eos illo modi. Maiores consequuntur corporis iste rem aut.', '2021-03-02 09:06:11', '2021-03-02 09:06:11'),
(127, 4, 64, 'Itaque ad voluptatem est id. Aut alias sint temporibus nihil consequuntur reiciendis.', '2021-03-02 09:06:11', '2021-03-02 09:06:11'),
(128, 2, 64, 'Quas optio assumenda voluptatem deleniti. A eum assumenda facilis et quis. Alias in officiis voluptatem id.', '2021-03-02 09:06:11', '2021-03-02 09:06:11'),
(129, 10, 65, 'Omnis ab repellat magnam doloribus quidem qui ad. Est est dicta ut esse. Libero omnis temporibus ipsa aperiam architecto tempora.', '2021-03-02 09:06:11', '2021-03-02 09:06:11'),
(130, 4, 65, 'Dolor non quia nostrum. Voluptatum modi non distinctio ea. Adipisci necessitatibus animi architecto assumenda. Necessitatibus fuga est quis quam sit.', '2021-03-02 09:06:11', '2021-03-02 09:06:11'),
(131, 2, 66, 'Repellat qui quis consequatur quis. Hic sint sapiente et cum et culpa omnis. Quo illo aut placeat iusto excepturi ratione. Consectetur facilis sed voluptate quibusdam explicabo aut.', '2021-03-02 09:06:11', '2021-03-02 09:06:11'),
(132, 10, 66, 'Et unde enim veniam qui recusandae consequatur quod. Ducimus voluptas iusto et voluptates. Eos voluptatem aut qui soluta illo illo.', '2021-03-02 09:06:11', '2021-03-02 09:06:11'),
(133, 7, 67, 'Consectetur quis porro doloremque nihil quia animi minima. Odit numquam eum eos quae rerum. Et autem accusamus aut ad dignissimos. Distinctio autem sed nisi aut.', '2021-03-02 09:06:11', '2021-03-02 09:06:11'),
(134, 8, 67, 'Sapiente consectetur est recusandae omnis. Et nostrum perspiciatis officiis quibusdam porro qui et. Ipsa atque quaerat omnis similique rerum.', '2021-03-02 09:06:11', '2021-03-02 09:06:11'),
(135, 2, 68, 'Voluptatem nihil aliquid dolor in fuga sed. Suscipit quas ut iste sit aspernatur qui non. Quia illum omnis enim temporibus.', '2021-03-02 09:06:11', '2021-03-02 09:06:11'),
(136, 1, 68, 'Ad aperiam cum modi et doloremque. Aut alias quam sapiente numquam ad. Rerum totam iste sunt officiis quia. Quam aliquid ab quae quae.', '2021-03-02 09:06:11', '2021-03-02 09:06:11'),
(137, 5, 69, 'Magnam voluptatibus aliquid et est vel illo. Quae deserunt ducimus minima fugit beatae dolorem. Qui distinctio nam consectetur et. Maxime minus vitae eaque repudiandae.', '2021-03-02 09:06:11', '2021-03-02 09:06:11'),
(138, 8, 69, 'Iusto aperiam quia numquam. Et voluptatem qui provident impedit quasi debitis. Quasi qui similique accusantium iste.', '2021-03-02 09:06:11', '2021-03-02 09:06:11'),
(139, 7, 70, 'Cum quis et quia aut aperiam. Quam ab ex eius et vitae similique quibusdam. Ipsum illum unde quas sint.', '2021-03-02 09:06:11', '2021-03-02 09:06:11'),
(140, 5, 70, 'Voluptatem quis tempore occaecati quidem. Tempore facere incidunt assumenda. Suscipit laudantium vel libero quisquam odio. Quo eum commodi voluptas dolor fugit nostrum.', '2021-03-02 09:06:11', '2021-03-02 09:06:11'),
(141, 2, 71, 'Est sapiente doloribus tempore officia esse perferendis facere. Quis non rerum illo autem. Autem asperiores et distinctio ducimus nobis. Eum atque quis est quia.', '2021-03-02 09:06:11', '2021-03-02 09:06:11'),
(142, 8, 71, 'Ut dolorum expedita iste omnis sint ut ut. Nihil sequi rerum cumque veniam cumque debitis vel.', '2021-03-02 09:06:11', '2021-03-02 09:06:11'),
(143, 7, 72, 'Hic voluptatem ea doloribus nisi. Vitae voluptas ea culpa minima. Facilis tenetur dignissimos qui quia eligendi.', '2021-03-02 09:06:11', '2021-03-02 09:06:11'),
(144, 7, 72, 'Quia labore at culpa aut consectetur. Corrupti maiores aut qui aut soluta sapiente atque. Officiis sit explicabo ea alias et asperiores. Rerum velit ut necessitatibus distinctio necessitatibus.', '2021-03-02 09:06:11', '2021-03-02 09:06:11'),
(145, 10, 73, 'Quia autem eveniet expedita temporibus. Nostrum dolorum eveniet voluptatem iste corporis incidunt. Veniam vero est omnis dolores suscipit.', '2021-03-02 09:06:11', '2021-03-02 09:06:11'),
(146, 2, 73, 'Consequuntur blanditiis sed deserunt dolor. Est voluptatem non hic libero minima reprehenderit amet ipsum. Tenetur autem rem autem doloremque.', '2021-03-02 09:06:11', '2021-03-02 09:06:11'),
(147, 10, 74, 'Et soluta aut repudiandae eum corrupti aut quod. Aut nesciunt itaque explicabo facilis. Iure in harum excepturi occaecati sit et facilis incidunt. Pariatur error dolorum est quo.', '2021-03-02 09:06:12', '2021-03-02 09:06:12'),
(148, 5, 74, 'Architecto voluptatem optio et maiores exercitationem. Suscipit consequatur illum esse dolore sequi eligendi eveniet. Quasi molestias est voluptatem exercitationem occaecati.', '2021-03-02 09:06:12', '2021-03-02 09:06:12'),
(149, 8, 75, 'Cumque qui ipsam in ullam ullam explicabo tempore. Aliquam veritatis possimus expedita eos quibusdam et qui. Officia animi nisi aut.', '2021-03-02 09:06:12', '2021-03-02 09:06:12'),
(150, 7, 75, 'Ex laboriosam voluptatem unde. Et sed rerum nisi et. Qui alias maxime eum expedita aut. Distinctio qui eius enim et nobis quia. Ea consectetur hic ducimus fugit quo officia qui.', '2021-03-02 09:06:12', '2021-03-02 09:06:12'),
(151, 9, 76, 'Asperiores voluptatem ut consequatur. Neque molestiae voluptate quas sit et dolor dolorem. Adipisci aut cum ipsa debitis ullam possimus voluptatem sed. Ab velit eum tenetur possimus.', '2021-03-02 09:06:12', '2021-03-02 09:06:12'),
(152, 7, 76, 'Aliquid dolores temporibus nihil voluptatem quo iste. Incidunt necessitatibus assumenda ut quasi ex eos. Placeat praesentium ut dolor quasi debitis magni.', '2021-03-02 09:06:12', '2021-03-02 09:06:12'),
(153, 3, 77, 'Quo nihil consequuntur et. Dolorum hic saepe aliquam occaecati. Quas dolorem praesentium rerum ex. Ut porro nobis qui quasi atque.', '2021-03-02 09:06:12', '2021-03-02 09:06:12'),
(154, 9, 77, 'Animi cumque eos aut et repellendus hic. Nemo odio labore atque repellendus cumque alias quos. Veritatis totam culpa cupiditate maiores saepe. Nobis debitis rem quasi optio.', '2021-03-02 09:06:12', '2021-03-02 09:06:12'),
(155, 1, 78, 'Ut saepe vel fuga nulla ut non eos eos. Totam praesentium natus non mollitia. Numquam autem animi qui hic beatae vel. Sit eos sed rerum ullam est odio aspernatur. Nulla et aut voluptates odit.', '2021-03-02 09:06:12', '2021-03-02 09:06:12'),
(156, 1, 78, 'Pariatur officiis nam maxime reiciendis distinctio. Autem sit animi architecto repudiandae magni saepe dolorum. Vero voluptas nihil aut unde.', '2021-03-02 09:06:12', '2021-03-02 09:06:12'),
(157, 8, 79, 'Ducimus est quo quaerat minus. Eum voluptatibus maiores dolores. Vel ratione temporibus consequuntur tempore expedita aut voluptatum.', '2021-03-02 09:06:12', '2021-03-02 09:06:12'),
(158, 1, 79, 'Nihil voluptatem quia quos vel praesentium occaecati rerum. Ex animi et maxime quo ducimus. Eum laboriosam dolores recusandae debitis aliquid. Et omnis est consequatur inventore.', '2021-03-02 09:06:12', '2021-03-02 09:06:12'),
(159, 9, 80, 'Eius recusandae nemo totam totam ea velit. Rem voluptate qui ad commodi. Corporis quisquam voluptate consequatur aut. Quod quia non beatae est et.', '2021-03-02 09:06:12', '2021-03-02 09:06:12'),
(160, 8, 80, 'Amet architecto omnis est neque aperiam unde debitis et. Vitae tenetur occaecati illum consectetur hic qui assumenda. Sequi accusantium ab itaque velit.', '2021-03-02 09:06:12', '2021-03-02 09:06:12'),
(161, 6, 81, 'Aut quo non aut eum vero. Repellendus laborum maiores velit sed sunt. Id id sit unde cumque mollitia.', '2021-03-02 09:06:12', '2021-03-02 09:06:12'),
(162, 6, 81, 'Saepe rem velit voluptas incidunt fuga qui et. Quis ipsam reiciendis reiciendis sunt sed. At aut quibusdam fugit provident est ea similique.', '2021-03-02 09:06:12', '2021-03-02 09:06:12'),
(163, 8, 82, 'Autem rerum atque sint quo. Minus aut sapiente iste alias non reiciendis fuga. Est nobis voluptas et laborum ducimus.', '2021-03-02 09:06:12', '2021-03-02 09:06:12'),
(164, 8, 82, 'Quo fuga nam est. Et rerum qui et ea quo aut. Accusamus porro minus ea iste error dolore.', '2021-03-02 09:06:12', '2021-03-02 09:06:12'),
(165, 4, 83, 'Officiis eos et quo molestiae ratione saepe. Iusto ut nemo numquam inventore. Reprehenderit aperiam nemo voluptate error.', '2021-03-02 09:06:12', '2021-03-02 09:06:12'),
(166, 4, 83, 'Iste pariatur aliquid debitis molestiae. Rerum voluptas nostrum aut dolorum reprehenderit aut quasi.', '2021-03-02 09:06:12', '2021-03-02 09:06:12'),
(167, 7, 84, 'Occaecati dolores unde illo minus. Occaecati distinctio eos est doloremque. Accusantium consequuntur ut quia similique porro voluptatum.', '2021-03-02 09:06:12', '2021-03-02 09:06:12'),
(168, 5, 84, 'Voluptatum nihil harum ut facere ea exercitationem. Exercitationem praesentium deleniti dolor architecto exercitationem quas. Qui cumque eos nisi reprehenderit neque voluptatem vel accusamus.', '2021-03-02 09:06:12', '2021-03-02 09:06:12'),
(169, 10, 85, 'Repudiandae cumque sit inventore voluptas molestiae possimus. At sit vitae et dolorem aut molestias ab aliquam. Et sunt assumenda consequuntur vel ut.', '2021-03-02 09:06:12', '2021-03-02 09:06:12'),
(170, 6, 85, 'Praesentium corrupti culpa fugiat. Sit qui ab veniam aliquam. Quo sequi beatae vero sint nisi omnis et. Dicta necessitatibus assumenda earum vel quasi dicta.', '2021-03-02 09:06:12', '2021-03-02 09:06:12'),
(171, 4, 86, 'Numquam animi dicta deleniti quaerat vel vel. Et beatae quia nihil. Quis est ea ullam earum.', '2021-03-02 09:06:12', '2021-03-02 09:06:12'),
(172, 7, 86, 'Totam quia voluptatem et est. Sit qui non est nihil quos tenetur. Quae perspiciatis qui consectetur inventore minima.', '2021-03-02 09:06:12', '2021-03-02 09:06:12'),
(173, 7, 87, 'Eum nostrum nihil aut cupiditate quia reprehenderit nam. Rem eum dolores ut ullam et. Corrupti earum veniam repellat est. Sunt veniam consequatur voluptatem cum quia animi itaque.', '2021-03-02 09:06:13', '2021-03-02 09:06:13'),
(174, 5, 87, 'Accusamus sunt reprehenderit quos non. Ad qui numquam saepe. Sed consectetur tempora non. Voluptatem aperiam soluta ea deserunt praesentium totam omnis.', '2021-03-02 09:06:13', '2021-03-02 09:06:13'),
(175, 9, 88, 'Labore repellendus deserunt non et aut. Non architecto voluptatum consequuntur velit vero numquam. Voluptate et iusto dolorem repellat magnam.', '2021-03-02 09:06:13', '2021-03-02 09:06:13'),
(176, 4, 88, 'Saepe explicabo aperiam consequatur. Commodi qui laudantium necessitatibus doloribus explicabo et earum doloremque. Nulla fugit in non consequatur dignissimos quis aut.', '2021-03-02 09:06:13', '2021-03-02 09:06:13'),
(177, 8, 89, 'Voluptates voluptatem sit beatae sequi. Ratione ea ex aut. Minus consequatur enim laborum dolores libero odio.', '2021-03-02 09:06:13', '2021-03-02 09:06:13'),
(178, 6, 89, 'Nobis rerum libero ut dolores cumque. Quia amet ut dolor neque illo magnam. Provident dolor commodi fugit repellat ducimus nostrum. Iure et sint voluptatem eum rerum quia.', '2021-03-02 09:06:13', '2021-03-02 09:06:13'),
(179, 10, 90, 'Consectetur est voluptatem ea iure saepe molestiae excepturi. Consectetur fugit dolore quisquam dignissimos ab totam. Voluptatum laborum qui consequatur atque.', '2021-03-02 09:06:13', '2021-03-02 09:06:13'),
(180, 4, 90, 'Consequuntur fuga earum consequatur quos animi. Iusto eius non culpa et nostrum eum. Autem labore ut iusto ad aliquam et. Qui non quos recusandae aut nihil cupiditate.', '2021-03-02 09:06:13', '2021-03-02 09:06:13'),
(181, 5, 91, 'Tempore provident libero quis dolor amet. Dolores illum nostrum sit minima. Libero voluptatum temporibus dolor quidem laborum aut sint non.', '2021-03-02 09:06:13', '2021-03-02 09:06:13'),
(182, 10, 91, 'Optio earum perferendis fuga minus recusandae adipisci non. Officiis et voluptatibus distinctio ut fugiat voluptatem numquam ut. Harum est saepe sequi et distinctio sit modi repudiandae.', '2021-03-02 09:06:13', '2021-03-02 09:06:13'),
(183, 8, 92, 'Natus excepturi rem dolorem ut error recusandae. Voluptate fugit et voluptatem est sed deleniti. Sed et qui explicabo molestias fugit aut. Dolorem ipsa id ut est et recusandae et.', '2021-03-02 09:06:13', '2021-03-02 09:06:13'),
(184, 7, 92, 'Ipsam aliquam aut impedit. Libero officiis expedita et iste et. Cumque dolorem in qui.', '2021-03-02 09:06:13', '2021-03-02 09:06:13'),
(185, 2, 93, 'Enim autem perferendis consequatur quia. Quaerat consequatur tempora molestias corrupti ducimus exercitationem rerum est. Dolore deleniti non unde rerum voluptate cupiditate provident ut.', '2021-03-02 09:06:13', '2021-03-02 09:06:13'),
(186, 2, 93, 'Hic perspiciatis est exercitationem ab. Voluptate natus adipisci blanditiis placeat enim accusantium modi doloremque. Neque cumque nobis eligendi ut. Doloribus quidem ea vero blanditiis.', '2021-03-02 09:06:13', '2021-03-02 09:06:13'),
(187, 2, 94, 'Explicabo voluptates dolores alias qui sed accusantium qui. Repudiandae nihil autem deserunt quis inventore quasi aut. Officia sed molestiae et consequatur eum at deserunt non.', '2021-03-02 09:06:13', '2021-03-02 09:06:13'),
(188, 7, 94, 'Debitis dignissimos tempora exercitationem eum. Impedit porro culpa earum ut reprehenderit ab velit. Quidem sed dolor enim harum dolore eum minima.', '2021-03-02 09:06:13', '2021-03-02 09:06:13'),
(189, 5, 95, 'Non error sunt dolorem et debitis. Eum dolorum hic molestiae sit architecto. Sunt consequuntur consequatur tenetur nostrum voluptas veniam voluptas.', '2021-03-02 09:06:13', '2021-03-02 09:06:13'),
(190, 2, 95, 'Soluta nam placeat corrupti reiciendis ullam quos error molestiae. Quis sequi consequatur id perspiciatis corporis. Cum a atque corporis magnam. Cupiditate beatae et vel fuga eos quia voluptate.', '2021-03-02 09:06:13', '2021-03-02 09:06:13'),
(191, 8, 96, 'Aliquam libero at itaque ut. Distinctio porro illum eos voluptas. Natus doloribus amet reiciendis laudantium nam expedita et. Rerum est quo officia accusantium laudantium.', '2021-03-02 09:06:13', '2021-03-02 09:06:13'),
(192, 8, 96, 'Qui non expedita ipsa et ad qui magnam. Est odit sapiente ullam sint et nesciunt totam illo. Veritatis explicabo at quia aut et commodi. Tempora voluptas nostrum qui sed.', '2021-03-02 09:06:13', '2021-03-02 09:06:13'),
(193, 5, 97, 'Maxime et id et ab qui. Quo aut tempora voluptatem reprehenderit porro maiores placeat. Quo officia sed quia facilis rerum.', '2021-03-02 09:06:13', '2021-03-02 09:06:13'),
(194, 7, 97, 'Delectus sit corporis id est et assumenda enim. Debitis commodi nihil repudiandae maxime rerum.', '2021-03-02 09:06:13', '2021-03-02 09:06:13'),
(195, 5, 98, 'Ab consequatur sit sequi. Veniam voluptas velit eveniet veritatis. Velit qui blanditiis aut a illo est at.', '2021-03-02 09:06:13', '2021-03-02 09:06:13'),
(196, 6, 98, 'Ut qui sit est. Sed ut voluptates nihil maxime. Suscipit nostrum qui explicabo et odio quam. Minus ea architecto illo possimus adipisci.', '2021-03-02 09:06:13', '2021-03-02 09:06:13'),
(197, 9, 99, 'Placeat laboriosam eos reprehenderit ex saepe. Non autem dolorum consectetur et eveniet quod dolor. Rerum quia sed dolores dolores unde repudiandae aut.', '2021-03-02 09:06:13', '2021-03-02 09:06:13'),
(198, 4, 99, 'Molestiae est quo praesentium magni. Officia ad quo dolorem ullam itaque. Quia doloribus qui dicta ut. Accusantium placeat aliquid consequatur totam recusandae.', '2021-03-02 09:06:13', '2021-03-02 09:06:13'),
(199, 7, 100, 'Et ipsum assumenda nostrum aut velit quam ut. Velit tenetur velit suscipit totam. Atque praesentium aperiam sed harum.', '2021-03-02 09:06:14', '2021-03-02 09:06:14'),
(200, 2, 100, 'Ex consequatur est quia tempora nisi quaerat placeat cumque. Aut eius ut nostrum. Et porro et ut rerum nesciunt est sequi esse.', '2021-03-02 09:06:14', '2021-03-02 09:06:14');

-- --------------------------------------------------------

--
-- Table structure for table `failed_jobs`
--

CREATE TABLE `failed_jobs` (
  `id` bigint(20) UNSIGNED NOT NULL,
  `connection` text COLLATE utf8mb4_unicode_ci NOT NULL,
  `queue` text COLLATE utf8mb4_unicode_ci NOT NULL,
  `payload` longtext COLLATE utf8mb4_unicode_ci NOT NULL,
  `exception` longtext COLLATE utf8mb4_unicode_ci NOT NULL,
  `failed_at` timestamp NOT NULL DEFAULT current_timestamp()
) ENGINE=InnoDB DEFAULT CHARSET=utf8mb4 COLLATE=utf8mb4_unicode_ci;

-- --------------------------------------------------------

--
-- Table structure for table `logs`
--

CREATE TABLE `logs` (
  `id` bigint(20) UNSIGNED NOT NULL,
  `user_id` bigint(20) UNSIGNED NOT NULL,
  `logs_type_id` bigint(20) UNSIGNED NOT NULL,
  `created_at` timestamp NULL DEFAULT NULL,
  `updated_at` timestamp NULL DEFAULT NULL
) ENGINE=InnoDB DEFAULT CHARSET=utf8mb4 COLLATE=utf8mb4_unicode_ci;

--
-- Dumping data for table `logs`
--

INSERT INTO `logs` (`id`, `user_id`, `logs_type_id`, `created_at`, `updated_at`) VALUES
(1, 11, 3, '2021-03-02 09:17:38', '2021-03-02 09:17:38'),
(6, 11, 2, '2021-03-02 09:24:56', '2021-03-02 09:24:56'),
(7, 11, 3, '2021-03-02 10:37:06', '2021-03-02 10:37:06'),
(8, 2, 2, '2021-03-02 10:37:34', '2021-03-02 10:37:34'),
(9, 2, 3, '2021-03-02 10:37:48', '2021-03-02 10:37:48'),
(10, 11, 2, '2021-03-02 11:33:53', '2021-03-02 11:33:53'),
(11, 11, 4, '2021-03-02 12:16:00', '2021-03-02 12:16:00'),
(12, 11, 4, '2021-03-02 12:35:54', '2021-03-02 12:35:54'),
(13, 11, 3, '2021-03-02 12:59:45', '2021-03-02 12:59:45'),
(14, 11, 2, '2021-03-02 13:00:47', '2021-03-02 13:00:47'),
(15, 11, 7, '2021-03-02 13:13:19', '2021-03-02 13:13:19'),
(16, 11, 8, '2021-03-02 13:13:54', '2021-03-02 13:13:54'),
(17, 11, 13, '2021-03-02 13:23:45', '2021-03-02 13:23:45'),
(18, 11, 13, '2021-03-02 13:29:48', '2021-03-02 13:29:48'),
(19, 11, 3, '2021-03-02 13:30:08', '2021-03-02 13:30:08'),
(20, 11, 2, '2021-03-02 13:31:08', '2021-03-02 13:31:08'),
(21, 11, 13, '2021-03-02 13:49:03', '2021-03-02 13:49:03'),
(22, 11, 13, '2021-03-02 13:50:03', '2021-03-02 13:50:03'),
(23, 11, 4, '2021-03-02 13:52:43', '2021-03-02 13:52:43'),
(24, 11, 2, '2021-03-05 11:46:59', '2021-03-05 11:46:59'),
(25, 14, 1, '2021-03-05 11:48:05', '2021-03-05 11:48:05'),
(26, 14, 2, '2021-03-05 11:48:05', '2021-03-05 11:48:05'),
(27, 14, 3, '2021-03-05 11:49:25', '2021-03-05 11:49:25'),
(28, 14, 2, '2021-03-05 11:50:07', '2021-03-05 11:50:07'),
(29, 14, 3, '2021-03-05 11:52:17', '2021-03-05 11:52:17'),
(30, 14, 2, '2021-03-05 11:52:56', '2021-03-05 11:52:56'),
(31, 14, 3, '2021-03-05 12:00:02', '2021-03-05 12:00:02'),
(32, 14, 2, '2021-03-05 12:01:27', '2021-03-05 12:01:27'),
(33, 14, 3, '2021-03-05 12:10:57', '2021-03-05 12:10:57'),
(34, 14, 2, '2021-03-05 12:12:09', '2021-03-05 12:12:09'),
(35, 14, 3, '2021-03-05 12:14:40', '2021-03-05 12:14:40'),
(36, 14, 2, '2021-03-05 12:17:35', '2021-03-05 12:17:35'),
(37, 14, 3, '2021-03-05 12:18:10', '2021-03-05 12:18:10'),
(38, 14, 2, '2021-03-05 12:18:49', '2021-03-05 12:18:49'),
(39, 14, 3, '2021-03-05 12:22:07', '2021-03-05 12:22:07'),
(40, 14, 2, '2021-03-05 12:23:08', '2021-03-05 12:23:08');

-- --------------------------------------------------------

--
-- Table structure for table `logs_types`
--

CREATE TABLE `logs_types` (
  `id` bigint(20) UNSIGNED NOT NULL,
  `slug` varchar(255) COLLATE utf8mb4_unicode_ci NOT NULL,
  `name` varchar(255) COLLATE utf8mb4_unicode_ci NOT NULL,
  `created_at` timestamp NULL DEFAULT NULL,
  `updated_at` timestamp NULL DEFAULT NULL
) ENGINE=InnoDB DEFAULT CHARSET=utf8mb4 COLLATE=utf8mb4_unicode_ci;

--
-- Dumping data for table `logs_types`
--

INSERT INTO `logs_types` (`id`, `slug`, `name`, `created_at`, `updated_at`) VALUES
(1, 'register', 'Registed', NULL, NULL),
(2, 'login', 'Logged', NULL, NULL),
(3, 'logout', 'Logged out', NULL, NULL),
(4, 'created_post', 'Created post', NULL, NULL),
(5, 'updated_post', 'Updated post', NULL, NULL),
(6, 'deleted_post', 'Deleted post', NULL, NULL),
(7, 'created_category', 'Created category', NULL, NULL),
(8, 'updated_category', 'Updated category', NULL, NULL),
(9, 'deleted_category', 'Deleted category', NULL, NULL),
(10, 'created_role', 'Created role', NULL, NULL),
(11, 'updated_role', 'Updated role', NULL, NULL),
(12, 'deleted_role', 'Deleted role', NULL, NULL),
(13, 'updated_user', 'Updated user', NULL, NULL),
(14, 'deleted_user', 'Deleted user', NULL, NULL),
(15, 'comment', 'Commented post', NULL, NULL),
(16, 'deleted_comment', 'Deleted comment', NULL, NULL);

-- --------------------------------------------------------

--
-- Table structure for table `menus`
--

CREATE TABLE `menus` (
  `id` bigint(20) UNSIGNED NOT NULL,
  `name` varchar(255) COLLATE utf8mb4_unicode_ci NOT NULL,
  `route` varchar(255) COLLATE utf8mb4_unicode_ci NOT NULL,
  `created_at` timestamp NULL DEFAULT NULL,
  `updated_at` timestamp NULL DEFAULT NULL
) ENGINE=InnoDB DEFAULT CHARSET=utf8mb4 COLLATE=utf8mb4_unicode_ci;

-- --------------------------------------------------------

--
-- Table structure for table `migrations`
--

CREATE TABLE `migrations` (
  `id` int(10) UNSIGNED NOT NULL,
  `migration` varchar(255) COLLATE utf8mb4_unicode_ci NOT NULL,
  `batch` int(11) NOT NULL
) ENGINE=InnoDB DEFAULT CHARSET=utf8mb4 COLLATE=utf8mb4_unicode_ci;

--
-- Dumping data for table `migrations`
--

INSERT INTO `migrations` (`id`, `migration`, `batch`) VALUES
(1, '2013_02_24_231718_create_roles_table', 1),
(2, '2014_10_12_000000_create_users_table', 1),
(3, '2014_10_12_100000_create_password_resets_table', 1),
(4, '2019_08_19_000000_create_failed_jobs_table', 1),
(5, '2021_02_24_220313_create_posts_table', 1),
(6, '2021_02_24_220402_create_categories_table', 1),
(7, '2021_02_24_222522_create_comments_table', 1),
(8, '2021_02_24_231530_create_categories_posts_table', 1),
(9, '2021_02_26_215921_create_menus_table', 1),
(10, '2021_03_01_103439_create_logs_types_table', 1),
(11, '2021_03_01_110031_create_logs_table', 1),
(13, '2021_03_05_205946_create_table_questions', 2);

-- --------------------------------------------------------

--
-- Table structure for table `password_resets`
--

CREATE TABLE `password_resets` (
  `email` varchar(255) COLLATE utf8mb4_unicode_ci NOT NULL,
  `token` varchar(255) COLLATE utf8mb4_unicode_ci NOT NULL,
  `created_at` timestamp NULL DEFAULT NULL
) ENGINE=InnoDB DEFAULT CHARSET=utf8mb4 COLLATE=utf8mb4_unicode_ci;

-- --------------------------------------------------------

--
-- Table structure for table `posts`
--

CREATE TABLE `posts` (
  `id` bigint(20) UNSIGNED NOT NULL,
  `caption` varchar(255) COLLATE utf8mb4_unicode_ci NOT NULL,
  `description` text COLLATE utf8mb4_unicode_ci NOT NULL,
  `img` varchar(255) COLLATE utf8mb4_unicode_ci DEFAULT NULL,
  `text` text COLLATE utf8mb4_unicode_ci NOT NULL,
  `user_id` bigint(20) UNSIGNED NOT NULL,
  `created_at` timestamp NULL DEFAULT NULL,
  `updated_at` timestamp NULL DEFAULT NULL
) ENGINE=InnoDB DEFAULT CHARSET=utf8mb4 COLLATE=utf8mb4_unicode_ci;

--
-- Dumping data for table `posts`
--

INSERT INTO `posts` (`id`, `caption`, `description`, `img`, `text`, `user_id`, `created_at`, `updated_at`) VALUES
(1, 'optio', 'Eveniet laudantium incidunt sit cumque. Autem eius tempora voluptas. Explicabo cum placeat molestiae exercitationem et.', 'https://via.placeholder.com/640x480.png/007766?text=aperiam', 'Perferendis cupiditate eos aut sit dolor. Sapiente ex laboriosam qui sit dolor voluptas cupiditate. Omnis laudantium qui inventore minus neque. Explicabo ipsam quo consequuntur voluptas.', 10, '2021-03-02 09:05:59', '2021-03-02 09:05:59'),
(2, 'omnis', 'Iure voluptatum animi sunt. Dolore explicabo explicabo aut. Porro magni sunt quos hic maiores. Sunt nemo maxime atque assumenda sit molestias doloremque consequatur.', 'https://via.placeholder.com/640x480.png/001100?text=officia', 'Quia illum molestiae asperiores qui qui. Eos harum ad voluptate sed voluptas. Necessitatibus voluptas iusto iusto dolor. Eaque vel et et alias atque labore.', 9, '2021-03-02 09:05:59', '2021-03-02 09:05:59'),
(3, 'distinctio', 'Qui impedit vitae atque mollitia. Nulla sequi sunt laboriosam consequatur. Sit magnam sit et est excepturi.', 'https://via.placeholder.com/640x480.png/00ff00?text=aut', 'Est ratione laudantium laudantium voluptatum totam nobis. Eum totam autem illum. Voluptates non deleniti minima sunt odio sed tenetur.', 5, '2021-03-02 09:05:59', '2021-03-02 09:05:59'),
(4, 'sed', 'Quia in sit id reprehenderit voluptatem sint optio. Est odit incidunt sit repellendus. Nesciunt ut ut quis incidunt et occaecati praesentium.', 'https://via.placeholder.com/640x480.png/000077?text=eveniet', 'Suscipit non natus ea. Laborum quam qui eum mollitia fugiat voluptatibus itaque. Quia veritatis dolore iusto. Mollitia voluptates occaecati modi reiciendis et.', 2, '2021-03-02 09:05:59', '2021-03-02 09:05:59'),
(5, 'distinctio', 'Debitis totam commodi quisquam enim unde. Sed rerum neque et aut. Vel ea aut omnis magni sint nisi voluptates. Dolor ullam quia vero placeat aut est et.', 'https://via.placeholder.com/640x480.png/008811?text=dolore', 'Sapiente a impedit numquam tenetur. Quisquam a quaerat ipsa necessitatibus vel esse maiores vero. Corrupti voluptas quaerat voluptatem in.', 5, '2021-03-02 09:05:59', '2021-03-02 09:05:59'),
(6, 'accusamus', 'Itaque similique iste voluptate. Fuga assumenda corporis quidem ipsa dolores pariatur quo. Dolores accusamus dolorem voluptatibus sint tempore non exercitationem veniam.', 'https://via.placeholder.com/640x480.png/009933?text=nulla', 'Vel similique aut reiciendis est. Animi ducimus vel ut corporis cupiditate voluptas. Asperiores consequatur impedit qui aut. Voluptatem voluptatum nobis velit.', 2, '2021-03-02 09:05:59', '2021-03-02 09:05:59'),
(7, 'totam', 'Nemo architecto adipisci quaerat et. Assumenda quod ab amet blanditiis. Et sequi repellat aut voluptatem rerum vero et. Odio dolore dignissimos placeat suscipit.', 'https://via.placeholder.com/640x480.png/00ee22?text=necessitatibus', 'Aut ut beatae dolor sit. Magni ducimus fugiat molestias sequi laboriosam. Mollitia ipsum enim autem saepe hic doloribus.', 7, '2021-03-02 09:05:59', '2021-03-02 09:05:59'),
(8, 'error', 'Unde consequuntur dolor voluptate eos voluptatibus necessitatibus. Adipisci est dolorem error ut voluptatem assumenda. Repellendus et vitae totam accusantium enim.', 'https://via.placeholder.com/640x480.png/0033dd?text=in', 'Sequi animi omnis adipisci nulla voluptas. Aspernatur consequatur iure officia omnis fugiat.', 9, '2021-03-02 09:05:59', '2021-03-02 09:05:59'),
(9, 'sed', 'Vel id nisi culpa aliquid voluptatem. Vel iure saepe unde beatae. Sit est unde rerum fugiat.', 'https://via.placeholder.com/640x480.png/005500?text=harum', 'Non sequi aut quidem unde ea quam doloremque. Quia sunt voluptas doloremque mollitia.', 7, '2021-03-02 09:05:59', '2021-03-02 09:05:59'),
(10, 'voluptate', 'Dolor iure minima repellat sed voluptas. Nobis natus vero neque dolore. Et ut atque fugiat numquam quia nisi maiores temporibus.', 'https://via.placeholder.com/640x480.png/007777?text=totam', 'Provident facilis aut ea quam velit adipisci. Autem reiciendis veniam voluptas neque. Odio unde et a et. Voluptatibus ipsam eum nihil ratione. Veritatis quia aut consequatur molestias a.', 6, '2021-03-02 09:05:59', '2021-03-02 09:05:59'),
(11, 'voluptates', 'Mollitia quas iusto sit doloribus ea voluptatum voluptatem. Quae et voluptatem fuga et consectetur quia. Ducimus voluptatem beatae ipsum quia. Voluptas repudiandae molestiae expedita est et.', 'https://via.placeholder.com/640x480.png/0011ee?text=qui', 'Sit officiis exercitationem nihil commodi commodi voluptas. Qui voluptates ut pariatur est eum. Et aspernatur repudiandae sit facilis sint.', 7, '2021-03-02 09:05:59', '2021-03-02 09:05:59'),
(12, 'quasi', 'Consequatur omnis saepe tempore. Aut molestiae et vel iusto quas ut. Asperiores amet numquam veniam. Modi earum minus itaque doloremque quisquam rerum. Ut est asperiores dolores rem.', 'https://via.placeholder.com/640x480.png/002277?text=sunt', 'Eveniet unde numquam tenetur assumenda. Autem ut autem iusto minus sed nemo. Debitis tempora earum sed quam unde eligendi aliquam. Delectus modi enim sit velit quia eum.', 4, '2021-03-02 09:05:59', '2021-03-02 09:05:59'),
(13, 'iste', 'Excepturi necessitatibus quis rerum illo. Ipsam ea distinctio quia eum qui. In dolorum ipsam dolor est quam autem qui. Fuga sed recusandae laudantium.', 'https://via.placeholder.com/640x480.png/0077bb?text=et', 'Aspernatur aut saepe temporibus a quia. Deleniti assumenda iste blanditiis quis earum nisi cupiditate.', 1, '2021-03-02 09:05:59', '2021-03-02 09:05:59'),
(14, 'sed', 'Officia porro velit temporibus sit neque quam. Eveniet atque odio numquam omnis nihil. Consequatur velit ut dicta. Eos labore non itaque. Et ut eum odit maiores. Iusto ea corporis tempora nihil.', 'https://via.placeholder.com/640x480.png/00eebb?text=sed', 'Consequatur sunt quia excepturi et esse facilis. Impedit tempore earum sint harum rem deleniti sunt. Quidem itaque amet adipisci cupiditate. Aut incidunt aut ut.', 8, '2021-03-02 09:05:59', '2021-03-02 09:05:59'),
(15, 'voluptates', 'Est et ullam est tempore tempora. Delectus omnis omnis dolorem assumenda omnis. Aperiam praesentium debitis iure. Voluptates excepturi quibusdam quibusdam sed maiores.', 'https://via.placeholder.com/640x480.png/00dd44?text=et', 'Qui reiciendis recusandae quasi. Architecto voluptatem quis voluptatem expedita.', 3, '2021-03-02 09:05:59', '2021-03-02 09:05:59'),
(16, 'nisi', 'Iusto laborum qui aut ut natus. Distinctio porro ea autem deleniti quo excepturi. Nihil repudiandae eum nihil. Voluptatem adipisci quo eveniet architecto sunt placeat blanditiis.', 'https://via.placeholder.com/640x480.png/00ddbb?text=quasi', 'Et error adipisci aut et quaerat et et. Illo dolores id ipsum ea.', 1, '2021-03-02 09:05:59', '2021-03-02 09:05:59'),
(17, 'dignissimos', 'Animi voluptate eaque id eveniet culpa. Qui voluptate perferendis eum voluptate consequatur. Ea iste beatae mollitia quia.', 'https://via.placeholder.com/640x480.png/00dd33?text=ea', 'Magni saepe reprehenderit velit ut eveniet non. Non perspiciatis odit sunt quo adipisci voluptatem pariatur.', 9, '2021-03-02 09:05:59', '2021-03-02 09:05:59'),
(18, 'ab', 'Et alias ut voluptatem saepe sint distinctio voluptatum voluptatibus. Doloremque nam quam necessitatibus adipisci. Dolorem velit quam ratione perferendis. Alias voluptatem error sed sint est aut.', 'https://via.placeholder.com/640x480.png/001155?text=culpa', 'Illum et odit in et. Dolor aut molestiae saepe at id.', 9, '2021-03-02 09:05:59', '2021-03-02 09:05:59'),
(19, 'numquam', 'Et atque distinctio ipsa cumque voluptates sed. Similique et ut consequatur iste placeat laudantium. Et quia illum laborum facilis. Saepe in cumque quas consequatur.', 'https://via.placeholder.com/640x480.png/00ff88?text=quasi', 'Eveniet quas laudantium pariatur error et voluptates. Ipsam quas molestiae in sed. Et et provident aut. Eum quia fugit qui atque similique unde. Cum porro magni impedit id.', 1, '2021-03-02 09:06:00', '2021-03-02 09:06:00'),
(20, 'quia', 'Corporis similique ipsum harum maiores voluptas nisi aut. Officiis veniam magnam ea sed eum cupiditate repellat. Quisquam dolores ut totam.', 'https://via.placeholder.com/640x480.png/0055aa?text=inventore', 'Aut eos eius et voluptatum porro sequi voluptatum. Porro impedit iure repellendus culpa aut. Sint nihil eius et sit aut fugit.', 2, '2021-03-02 09:06:00', '2021-03-02 09:06:00'),
(21, 'ducimus', 'Culpa possimus aut quia sit. Et dolorem fugiat quos quod aspernatur. Voluptas eius et repellendus. Ex saepe qui hic et in commodi nam.', 'https://via.placeholder.com/640x480.png/009900?text=expedita', 'Deserunt odit nobis illum explicabo quasi et explicabo. Eum dicta cumque non magnam. Aut consequuntur aperiam beatae.', 4, '2021-03-02 09:06:00', '2021-03-02 09:06:00'),
(22, 'nulla', 'Inventore reprehenderit sed laborum aut ea corporis. Quia qui porro sint voluptates et velit.', 'https://via.placeholder.com/640x480.png/0011bb?text=tempora', 'Voluptates sint in provident. Non culpa perferendis et exercitationem odio. Consectetur reprehenderit fuga et corporis fuga.', 4, '2021-03-02 09:06:00', '2021-03-02 09:06:00'),
(23, 'esse', 'Delectus recusandae veritatis sunt quaerat itaque voluptatibus non. Officia sit vel eius voluptate debitis cum. Laboriosam quo asperiores dignissimos temporibus.', 'https://via.placeholder.com/640x480.png/00aa22?text=eveniet', 'Voluptates nemo nobis ipsa ut quisquam porro illum. Corporis debitis voluptatem architecto amet. Et iure inventore est perspiciatis aut rerum.', 7, '2021-03-02 09:06:00', '2021-03-02 09:06:00'),
(24, 'aut', 'Quia voluptatem delectus est illum distinctio. Sed aut aut eius doloremque molestias mollitia laudantium. Et dolores modi harum.', 'https://via.placeholder.com/640x480.png/00eeee?text=excepturi', 'Perspiciatis modi aspernatur sunt accusantium illo dignissimos temporibus. Et aperiam a ut ad illo alias sit. Omnis labore minima qui ex ut vero autem. Id harum voluptas quidem dolore rerum.', 4, '2021-03-02 09:06:00', '2021-03-02 09:06:00'),
(25, 'quia', 'Eum id eum voluptas sunt esse ullam. Aliquam praesentium totam autem voluptatem ratione delectus sit. Minima voluptatem illo quia omnis dolore.', 'https://via.placeholder.com/640x480.png/000099?text=odit', 'Quod dolorum velit et voluptas. Accusantium occaecati ipsa magni quas doloremque consequatur recusandae. Qui porro dolores sint sed fugit. Id quis exercitationem adipisci qui sint.', 8, '2021-03-02 09:06:00', '2021-03-02 09:06:00'),
(26, 'exercitationem', 'At aut molestiae repudiandae aut. Perferendis architecto molestias rerum. Et enim et eum dicta. Velit officia accusantium et libero et corporis.', 'https://via.placeholder.com/640x480.png/00cc55?text=aut', 'Quibusdam ratione occaecati esse molestiae accusamus eligendi facilis. Iure iusto velit ut itaque qui. Dolorum adipisci aperiam iusto dolorem blanditiis et. At perspiciatis facere dolore natus.', 7, '2021-03-02 09:06:00', '2021-03-02 09:06:00'),
(27, 'occaecati', 'Nostrum sit quas ullam. Ut qui numquam nemo molestiae. Illum eum atque ut consequatur aut perspiciatis ut quo.', 'https://via.placeholder.com/640x480.png/00dd00?text=ipsum', 'Deserunt dignissimos et ad hic optio officia. Maxime culpa perferendis neque. Tempora non vel itaque necessitatibus similique. Dolores unde consequatur harum quam.', 10, '2021-03-02 09:06:00', '2021-03-02 09:06:00'),
(28, 'amet', 'Impedit nesciunt ut minus molestias voluptatum. Dolorem hic repudiandae magni nostrum. Est architecto velit et non commodi iusto saepe. Quis eum voluptatem ratione non.', 'https://via.placeholder.com/640x480.png/00bb55?text=rerum', 'Repellat aut et reiciendis dicta provident et odio. Dolores neque id eveniet impedit. Blanditiis excepturi consequatur dolorem reprehenderit aut. Debitis in vel quis. Sequi sed quaerat doloribus.', 4, '2021-03-02 09:06:00', '2021-03-02 09:06:00'),
(29, 'expedita', 'Earum facere ut consequatur distinctio minus. Dolorem sed commodi eius repellat temporibus quo aut laborum. Molestias iure iste magnam est et. Quis earum aut porro adipisci aut.', 'https://via.placeholder.com/640x480.png/0077dd?text=eos', 'Dignissimos repellat est eum sint rerum ab sunt corporis. Maxime porro est qui excepturi eos odio. Voluptas perferendis possimus facere placeat doloribus cum omnis.', 1, '2021-03-02 09:06:00', '2021-03-02 09:06:00'),
(30, 'velit', 'Minus earum magnam quas ipsa reprehenderit. Quis doloribus rem autem temporibus dolore dolorem non. Fuga sit itaque quidem consequatur eius. Nihil quo enim dolorum quo et.', 'https://via.placeholder.com/640x480.png/003377?text=eveniet', 'Quis asperiores qui sit. Eos voluptatum explicabo asperiores quibusdam id. Dignissimos dolorem praesentium non ut soluta eligendi unde nihil.', 1, '2021-03-02 09:06:00', '2021-03-02 09:06:00'),
(31, 'consequatur', 'Reprehenderit culpa voluptatem fuga nobis architecto unde saepe. Aut autem corrupti dicta sit eaque qui quia. Magni tempora officiis impedit dolor magni ut.', 'https://via.placeholder.com/640x480.png/001100?text=quidem', 'Veniam est explicabo qui facere. Harum cum voluptas voluptatum illo dignissimos molestiae. Omnis nihil soluta rerum maiores. Quam exercitationem similique non.', 2, '2021-03-02 09:06:00', '2021-03-02 09:06:00'),
(32, 'a', 'Tempora ut assumenda et eos amet ea aliquam. Autem voluptatem ullam doloribus sed saepe qui fugiat consequatur. In et repellat nisi rerum. Quia vero aut vero laudantium perferendis eum quidem.', 'https://via.placeholder.com/640x480.png/000022?text=voluptates', 'Totam voluptatem non nihil consequatur et. Sunt nostrum est blanditiis blanditiis hic unde. Incidunt qui harum nulla.', 7, '2021-03-02 09:06:00', '2021-03-02 09:06:00'),
(33, 'optio', 'Molestias sit cum quam quibusdam voluptas et. Nihil recusandae numquam quia voluptatem est sit. Maiores optio id voluptatem amet accusamus sed.', 'https://via.placeholder.com/640x480.png/000066?text=commodi', 'Necessitatibus sint doloremque dolor. Enim ipsum fugit voluptate vitae quaerat aut. Laborum ducimus tenetur ipsum voluptas.', 5, '2021-03-02 09:06:00', '2021-03-02 09:06:00'),
(34, 'architecto', 'Qui possimus ratione ut. Totam placeat occaecati nisi voluptas. Corrupti debitis quidem voluptatem odit. Ut suscipit consequatur alias suscipit aut atque dolorum.', 'https://via.placeholder.com/640x480.png/00dd99?text=et', 'Ipsum illo delectus harum debitis. Eaque maiores dignissimos tempore beatae magni non. Incidunt eligendi non modi a. Eos dignissimos natus laborum molestias expedita.', 7, '2021-03-02 09:06:00', '2021-03-02 09:06:00'),
(35, 'aliquam', 'Magni sint repudiandae eum nihil. Enim vitae excepturi magni necessitatibus. Autem blanditiis nihil iure corporis.', 'https://via.placeholder.com/640x480.png/0022cc?text=amet', 'Ex minima sunt aut commodi id ipsum quae. Ea ipsa veritatis consequatur quaerat dolorem nostrum sunt est. Sunt impedit et quisquam ut ea tempora asperiores voluptatibus.', 5, '2021-03-02 09:06:00', '2021-03-02 09:06:00'),
(36, 'modi', 'Dolor nesciunt perspiciatis doloribus. Voluptas voluptatum dolor earum dolor unde vero. Beatae possimus voluptas ad sit qui exercitationem cumque velit. Ex eum ipsam molestiae.', 'https://via.placeholder.com/640x480.png/00eebb?text=qui', 'Autem est placeat est rerum. Tempora quam aperiam pariatur aperiam id. Aut voluptatem aut facere animi ipsa.', 2, '2021-03-02 09:06:00', '2021-03-02 09:06:00'),
(37, 'voluptatem', 'Reiciendis rerum consequatur autem aut at nesciunt doloremque. Temporibus dolores autem eum. Quod consequatur facere qui dolores accusamus facere necessitatibus. Ex molestiae qui nihil sit esse.', 'https://via.placeholder.com/640x480.png/0011cc?text=et', 'Sed et rerum ut molestias. Consequuntur placeat consectetur repellendus iure et dolorem ipsum. Tempora nemo et ullam vel quo nesciunt rerum.', 9, '2021-03-02 09:06:00', '2021-03-02 09:06:00'),
(38, 'earum', 'Quidem voluptatem iste mollitia expedita. Quos rem occaecati officiis aut eius ullam ullam. Maiores nobis adipisci et deleniti dolores veniam velit omnis. Voluptates nam accusantium deserunt cum.', 'https://via.placeholder.com/640x480.png/0099bb?text=repudiandae', 'Temporibus nemo rerum vel qui. Consequatur qui velit cumque nihil. Cumque repudiandae aut assumenda tenetur quia.', 1, '2021-03-02 09:06:00', '2021-03-02 09:06:00'),
(39, 'harum', 'Quia autem ipsam est odit fuga. Commodi nisi cum quia. Culpa commodi quos consequatur officia vel.', 'https://via.placeholder.com/640x480.png/004400?text=perferendis', 'Est at ipsam et sunt quibusdam dolorum voluptatem. Repellat inventore ut ut facere consequatur enim qui facere. Consequatur ab soluta facere velit rerum.', 4, '2021-03-02 09:06:00', '2021-03-02 09:06:00'),
(40, 'ad', 'Sequi consequatur sed sequi. Error at pariatur voluptate omnis ullam quas. Eum est voluptas recusandae illum. Sint et ipsum illum sit.', 'https://via.placeholder.com/640x480.png/007799?text=fugiat', 'Fuga eligendi sed excepturi doloribus quo. Rerum eos officia qui consequatur repudiandae enim. Earum et blanditiis dolore. Aspernatur iure quia fuga est minus velit ipsa illo.', 6, '2021-03-02 09:06:00', '2021-03-02 09:06:00'),
(41, 'ab', 'Et ut ducimus ducimus aut nisi. Nostrum a enim corporis cupiditate dolore nihil. Exercitationem hic rerum ipsa cumque consequatur. Odit facilis aut nihil ut rem eius consequatur.', 'https://via.placeholder.com/640x480.png/00aa99?text=ex', 'Consequatur fugiat totam consequatur. Magni sed et et. Provident quis laboriosam quam architecto et.', 8, '2021-03-02 09:06:00', '2021-03-02 09:06:00'),
(42, 'sit', 'Id et dolorum aperiam nisi a ipsa. Quo ratione qui animi dolor quasi amet eligendi. Omnis reiciendis aut omnis culpa. Numquam voluptas fuga in sapiente aut.', 'https://via.placeholder.com/640x480.png/0000ff?text=dicta', 'Nam dolores et neque ipsam. Quo dolorem qui porro suscipit. Non quia ipsa vitae in sunt ut.', 3, '2021-03-02 09:06:00', '2021-03-02 09:06:00'),
(43, 'praesentium', 'Dicta molestias itaque et. Quia voluptates nostrum voluptas unde. Qui et eligendi quas et commodi iusto. Enim dolores eum hic.', 'https://via.placeholder.com/640x480.png/006611?text=officia', 'Deserunt ipsum et quis aperiam tempora. Est error voluptate quis at voluptatem. Ut quas ipsum accusamus voluptatibus. Cum iusto sunt officiis nemo.', 6, '2021-03-02 09:06:00', '2021-03-02 09:06:00'),
(44, 'voluptatibus', 'Nesciunt et ipsa consectetur omnis rerum. Doloribus ipsum quia quibusdam est quam esse accusamus. Dolorem fugiat quia voluptatem officia. Aliquam quasi voluptates voluptas voluptatibus deserunt est.', 'https://via.placeholder.com/640x480.png/00bbbb?text=qui', 'Voluptatem ea omnis totam sunt et. Ea fugiat voluptas est dolores suscipit esse. Exercitationem aut cumque odio.', 5, '2021-03-02 09:06:01', '2021-03-02 09:06:01'),
(45, 'sunt', 'Quia et tenetur rerum est sint. Facilis facere officiis et dignissimos. Aliquam hic fuga sed.', 'https://via.placeholder.com/640x480.png/007722?text=delectus', 'Illum possimus debitis commodi iusto minima corporis nobis. Aut quis illo labore aut quidem. Accusamus ut est recusandae doloribus et in qui aut. Et nisi aut quia velit at.', 3, '2021-03-02 09:06:01', '2021-03-02 09:06:01'),
(46, 'nam', 'Aliquid aperiam mollitia maxime consequatur tempora consequatur. Consectetur officiis recusandae assumenda et est. Quia debitis iste quia ad dolorem.', 'https://via.placeholder.com/640x480.png/0044aa?text=rerum', 'Exercitationem maxime praesentium doloribus. Sint officia possimus perferendis facere et accusantium deleniti. In earum perspiciatis cumque aut aspernatur.', 9, '2021-03-02 09:06:01', '2021-03-02 09:06:01'),
(47, 'asperiores', 'Sunt tempora earum fugit qui eveniet et. Et sequi recusandae sed ipsam. Voluptates repellendus omnis reprehenderit doloribus soluta. Rerum vel enim eum sint quos.', 'https://via.placeholder.com/640x480.png/00aabb?text=quisquam', 'Id aut harum ullam quas ut ad molestias. A soluta blanditiis et alias nostrum. Reprehenderit fuga magnam reprehenderit repudiandae.', 6, '2021-03-02 09:06:01', '2021-03-02 09:06:01'),
(48, 'nobis', 'Aut natus necessitatibus et maiores ut neque. Facere quia voluptates repellendus eum maiores et.', 'https://via.placeholder.com/640x480.png/00ff22?text=ut', 'Atque rerum itaque adipisci et eos qui. Debitis aut molestiae exercitationem et soluta dolores enim.', 8, '2021-03-02 09:06:01', '2021-03-02 09:06:01'),
(49, 'molestiae', 'Asperiores laboriosam sunt beatae qui voluptatem ut deserunt. Voluptas consectetur in quisquam et. In hic nihil cum ex. Numquam et laudantium dolore provident non qui ducimus dignissimos.', 'https://via.placeholder.com/640x480.png/007777?text=aperiam', 'Cum assumenda et aut. Odit velit quo error aliquam reiciendis. Repellendus et similique doloremque dolorum suscipit enim. Unde iusto libero cum et tempore hic.', 8, '2021-03-02 09:06:01', '2021-03-02 09:06:01'),
(50, 'voluptas', 'Non doloremque velit cum a repudiandae laudantium. Voluptatem distinctio officia aut consequatur. Id facilis ex et deleniti in. Beatae omnis sit quia amet.', 'https://via.placeholder.com/640x480.png/002255?text=alias', 'Magni quos non dolores dolorem. Velit est suscipit et. Iste libero et omnis enim dolorum nostrum dicta delectus. Est dolorum ab quisquam ad.', 10, '2021-03-02 09:06:01', '2021-03-02 09:06:01'),
(51, 'veritatis', 'Consequuntur voluptatem dolor et laboriosam ratione possimus. Sunt magnam dolores dolores rerum rerum. Eaque ut vel qui numquam nesciunt consectetur tenetur. Placeat omnis et consectetur ipsam rerum.', 'https://via.placeholder.com/640x480.png/00aa33?text=aut', 'Distinctio sunt velit numquam doloremque voluptatibus. Commodi molestiae labore beatae omnis. At enim dolorem rerum rerum. Impedit corporis est autem dolores aut.', 3, '2021-03-02 09:06:01', '2021-03-02 09:06:01'),
(52, 'neque', 'Inventore perspiciatis asperiores id ex est magnam distinctio. Nam temporibus itaque saepe illo facere. Animi fugit tempora animi rem consequatur provident architecto.', 'https://via.placeholder.com/640x480.png/0011cc?text=magni', 'Tempora non vel debitis vel sed a. Natus consectetur consequatur maxime placeat excepturi id nostrum quia. Et aperiam fuga inventore et corrupti tenetur et. Et nulla tenetur ex sunt occaecati eos.', 4, '2021-03-02 09:06:01', '2021-03-02 09:06:01'),
(53, 'eius', 'Maiores ut ut quisquam. Maiores cupiditate deleniti quis consequatur unde harum exercitationem. Maxime vel error necessitatibus exercitationem cum ex aperiam. Aut deserunt omnis officia rerum.', 'https://via.placeholder.com/640x480.png/009911?text=quas', 'Tenetur ratione pariatur eum et. Accusantium voluptas nesciunt quia voluptate quisquam. Nulla sint perferendis optio odit expedita optio.', 5, '2021-03-02 09:06:01', '2021-03-02 09:06:01'),
(54, 'eveniet', 'Non sit officiis molestias aut. Voluptatibus earum eum ut. Provident sed consequuntur et at perferendis eum. Voluptatem aut enim corrupti iste.', 'https://via.placeholder.com/640x480.png/00cc11?text=impedit', 'Asperiores quo saepe maxime quo dolores. Vitae eveniet perferendis sit officia est. Nihil et molestias neque debitis nostrum adipisci. Tempora in rem repellat at ut praesentium.', 5, '2021-03-02 09:06:01', '2021-03-02 09:06:01'),
(55, 'expedita', 'Necessitatibus deleniti adipisci eaque atque. Reprehenderit inventore aut culpa quisquam nihil. Repudiandae provident ea officia aut magnam accusantium debitis.', 'https://via.placeholder.com/640x480.png/0066bb?text=modi', 'Officia ullam id non sed minima quam animi. Sequi veniam eum est aspernatur tenetur asperiores et. Iusto adipisci quia pariatur autem nihil aut et. Quia pariatur earum nulla dolorem.', 9, '2021-03-02 09:06:01', '2021-03-02 09:06:01'),
(56, 'fugit', 'Accusamus earum optio sit numquam maiores. Eius sequi quia est maxime. Harum nisi sit esse autem vitae labore dolores odio.', 'https://via.placeholder.com/640x480.png/003399?text=consequatur', 'Aut non ducimus enim. Deleniti consequuntur hic dolorem maxime sequi aut. Dolorum qui molestias possimus tenetur quo officiis qui. Reprehenderit ducimus enim voluptatibus in labore error at quia.', 10, '2021-03-02 09:06:01', '2021-03-02 09:06:01'),
(57, 'praesentium', 'Illum consequatur accusantium voluptas tempora et natus rerum. Voluptatem sint deleniti deleniti. Maxime quia sunt ut ut ipsa impedit officiis. Deleniti vel numquam quidem temporibus incidunt quos.', 'https://via.placeholder.com/640x480.png/0066ff?text=earum', 'Eum alias fuga qui aut corporis repellat sint. Natus at sit velit molestias quos et ea.', 2, '2021-03-02 09:06:01', '2021-03-02 09:06:01'),
(58, 'quos', 'Fuga veritatis veniam rem. Accusantium architecto totam sunt ipsam explicabo rem. Rem reiciendis id iusto est minus qui. Ducimus rerum quos qui ut vel dolorum vel.', 'https://via.placeholder.com/640x480.png/00ee33?text=similique', 'Laborum et dolorem rerum laboriosam. Consequuntur laudantium minima unde. Quia reprehenderit debitis blanditiis repellendus tempora rerum illo. Et voluptatum iusto hic dolorem in.', 2, '2021-03-02 09:06:01', '2021-03-02 09:06:01'),
(59, 'sunt', 'Omnis aut qui aut ut magnam earum. Ratione facere tenetur et aut autem cumque fugit. Natus et quis qui error est et est ut. Similique sit occaecati necessitatibus facere molestiae.', 'https://via.placeholder.com/640x480.png/0077ee?text=fuga', 'Totam ea magnam eum sit aut doloribus. Sed nostrum dolor consequatur exercitationem. Dolorum error perspiciatis doloremque nobis velit aut et.', 6, '2021-03-02 09:06:01', '2021-03-02 09:06:01'),
(60, 'ea', 'Natus tenetur iste quae nihil dicta. Alias ut neque magni odit est saepe provident. Non sit ut consequuntur exercitationem inventore fuga.', 'https://via.placeholder.com/640x480.png/0022aa?text=mollitia', 'Amet ea dolor praesentium est. Recusandae dolor qui in reprehenderit ratione qui accusantium. Id quia possimus mollitia odio amet.', 4, '2021-03-02 09:06:01', '2021-03-02 09:06:01'),
(61, 'aut', 'Molestiae suscipit consequatur doloremque odio. Non ut ipsa aperiam dolor repellat. Perspiciatis explicabo reiciendis quia. Dolor omnis nisi ut quasi et aut dolor.', 'https://via.placeholder.com/640x480.png/0033ee?text=vel', 'Fugit eum voluptatem nobis repudiandae excepturi sint. Voluptatem ut ex architecto magnam vel eligendi. Molestias soluta molestiae ullam ut et voluptatibus quisquam.', 2, '2021-03-02 09:06:01', '2021-03-02 09:06:01'),
(62, 'eos', 'Omnis qui voluptatibus quis est accusamus incidunt. Rerum et ipsa doloremque. Corrupti quod sapiente recusandae voluptatem fugit molestias.', 'https://via.placeholder.com/640x480.png/001177?text=hic', 'Odit maxime exercitationem sed. Corporis unde omnis autem minus ab. Non sequi nemo reprehenderit voluptatem maxime cupiditate beatae quasi. Autem beatae excepturi aperiam.', 5, '2021-03-02 09:06:01', '2021-03-02 09:06:01'),
(63, 'id', 'Dignissimos vero sit nemo aliquid voluptatem perspiciatis a. Voluptas deleniti porro vel eligendi ab et. Sunt dolorem impedit repellendus exercitationem occaecati. Aperiam fugit optio fuga harum.', 'https://via.placeholder.com/640x480.png/002211?text=inventore', 'Provident ut facilis non libero accusamus magnam voluptatibus cumque. Vel sint qui veritatis repellat blanditiis atque quia. Aspernatur dolore consequatur facere corrupti ut totam omnis.', 8, '2021-03-02 09:06:01', '2021-03-02 09:06:01'),
(64, 'praesentium', 'Architecto necessitatibus veritatis hic. Maiores quae aut eveniet consectetur nulla cumque nam. Enim quaerat et modi praesentium quidem. Est aut quasi pariatur et.', 'https://via.placeholder.com/640x480.png/000000?text=voluptas', 'Eum omnis provident quo doloribus iusto voluptas eum ut. Adipisci iusto non architecto. Quia quia blanditiis perferendis ex cum voluptatem.', 10, '2021-03-02 09:06:01', '2021-03-02 09:06:01'),
(65, 'nobis', 'Repudiandae perspiciatis velit quisquam nostrum numquam eos quos. Ut id eos ducimus voluptatum. Repellat consequatur nihil numquam numquam.', 'https://via.placeholder.com/640x480.png/001199?text=eius', 'Quis sed aut repellendus est pariatur. Iure nulla nisi sequi quia dicta. Excepturi sint placeat molestiae voluptate nulla. Velit et accusantium excepturi.', 7, '2021-03-02 09:06:01', '2021-03-02 09:06:01'),
(66, 'est', 'Dolor distinctio quia inventore atque veritatis odit voluptas. Nihil molestiae at sint dolorum eos placeat. Quibusdam repellat tenetur tempore fugiat provident.', 'https://via.placeholder.com/640x480.png/00dd22?text=quo', 'Nobis repellendus asperiores inventore dignissimos et eos eos voluptatem. Laborum dolor ab molestiae possimus. Fugiat non rem eaque beatae. Aut quis et deserunt aliquid dolor adipisci rem.', 7, '2021-03-02 09:06:01', '2021-03-02 09:06:01'),
(67, 'nihil', 'Eaque temporibus sapiente unde ut. Animi ut quasi totam. Quia dolore quae officiis dignissimos reprehenderit recusandae. Ut quo ea id quas enim voluptatem magnam sit.', 'https://via.placeholder.com/640x480.png/003322?text=quia', 'Sequi quia eius voluptatem. Modi quia nesciunt et. At minima inventore et aliquid aspernatur quas atque. Fuga et error modi. Officia sit sed neque nihil nesciunt sapiente molestiae.', 3, '2021-03-02 09:06:01', '2021-03-02 09:06:01'),
(68, 'molestias', 'Sit rerum nam accusamus. Est veritatis quam neque repudiandae fugiat. Voluptas distinctio aut magnam esse possimus. In ea laboriosam voluptatibus laborum.', 'https://via.placeholder.com/640x480.png/00eebb?text=deserunt', 'Reprehenderit dolores cupiditate architecto quia quia illo. Dignissimos facere rem neque accusantium modi enim. Sit harum enim quia ipsam.', 2, '2021-03-02 09:06:01', '2021-03-02 09:06:01'),
(69, 'sequi', 'Optio quia sunt voluptatem. Ut dolorum quo magni earum. Dicta aut error amet possimus fugiat voluptatem. Delectus tempora nihil modi accusamus temporibus tempora qui.', 'https://via.placeholder.com/640x480.png/0022dd?text=accusantium', 'Quae sit est magni fugiat. Possimus iusto quia officia adipisci. Culpa rerum illo tempora et quisquam omnis optio. Voluptate enim qui excepturi recusandae quia.', 4, '2021-03-02 09:06:01', '2021-03-02 09:06:01'),
(70, 'error', 'Perferendis rerum enim sint laudantium. Sint vitae qui perspiciatis unde voluptas. Maiores vel laborum illo veniam. Harum beatae magni soluta odit sit necessitatibus distinctio.', 'https://via.placeholder.com/640x480.png/0088ff?text=magnam', 'Commodi ut et autem. Dolorum ullam rem velit ea iste est. Quae sit laborum repellendus minima vel voluptatem sit sed.', 9, '2021-03-02 09:06:01', '2021-03-02 09:06:01'),
(71, 'hic', 'Quia est sed et culpa. Et inventore amet inventore minima. Possimus voluptatem consequatur ea qui voluptatum aut.', 'https://via.placeholder.com/640x480.png/005577?text=repudiandae', 'Reiciendis quos ut voluptas vel aliquam praesentium consequatur. Odit omnis nemo et dolores magni iusto enim. Et hic dolor exercitationem aliquid. Sint expedita corrupti quia dolorum est inventore.', 6, '2021-03-02 09:06:01', '2021-03-02 09:06:01'),
(72, 'qui', 'Voluptatem exercitationem mollitia a sit id numquam. Modi quia qui eum voluptate exercitationem. Modi id amet repellendus totam optio et non.', 'https://via.placeholder.com/640x480.png/0099ff?text=accusantium', 'Inventore praesentium aut fuga. Omnis enim ipsam expedita quod. Possimus iure occaecati omnis aut ut aut mollitia. Mollitia iste molestiae doloribus ea ducimus.', 9, '2021-03-02 09:06:02', '2021-03-02 09:06:02'),
(73, 'commodi', 'Eius veritatis commodi accusantium omnis. Illum nam et facilis numquam eum ullam possimus et. Laboriosam nisi quo perferendis facilis.', 'https://via.placeholder.com/640x480.png/0000cc?text=aut', 'Nemo error quo dolor qui beatae eum. Perspiciatis et et quis quaerat. Et non ipsum quisquam alias nihil voluptate.', 9, '2021-03-02 09:06:02', '2021-03-02 09:06:02'),
(74, 'mollitia', 'Excepturi architecto voluptates a nesciunt blanditiis eaque. Similique sint nisi rerum quasi. Velit illo aperiam repudiandae deserunt rerum error libero. Quas quas aut temporibus enim non ut quae.', 'https://via.placeholder.com/640x480.png/00ffdd?text=ea', 'Sunt quis sequi praesentium nisi molestias in magni. Velit deserunt qui doloremque culpa quia est. Quis harum repellendus corrupti. Modi cum qui quod. Ea laudantium voluptas voluptas.', 5, '2021-03-02 09:06:02', '2021-03-02 09:06:02'),
(75, 'et', 'Minus quia quaerat aliquid esse molestias. Sint vel voluptas et magni consectetur recusandae. Cumque voluptatem amet occaecati et possimus nemo. Sequi non ipsam possimus deleniti hic et ut et.', 'https://via.placeholder.com/640x480.png/00aa99?text=eos', 'Facilis non dolores placeat similique impedit placeat magni iusto. Ducimus molestias sunt et voluptas. Nostrum neque voluptatum et aspernatur et. At dolorem nulla voluptas quibusdam.', 6, '2021-03-02 09:06:02', '2021-03-02 09:06:02'),
(76, 'molestiae', 'Minus sed nobis repellat numquam quia. Sed esse ipsa libero et non nisi rem. Aut non ab corporis enim consequatur officia dolorem aliquam.', 'https://via.placeholder.com/640x480.png/0044cc?text=amet', 'Reprehenderit iste velit corrupti in consequatur est odit corporis. Omnis qui quas voluptatem ut.', 2, '2021-03-02 09:06:02', '2021-03-02 09:06:02'),
(77, 'molestias', 'Recusandae tempora est asperiores earum unde. Eum numquam distinctio et aut a. Et atque est nulla autem molestiae necessitatibus officiis.', 'https://via.placeholder.com/640x480.png/0000ff?text=minus', 'Temporibus iusto consequatur est. Recusandae nesciunt quia impedit iusto. Aut asperiores saepe officiis fugit veritatis doloremque.', 1, '2021-03-02 09:06:02', '2021-03-02 09:06:02'),
(78, 'maiores', 'Possimus sed et cumque eaque. Molestias eveniet enim repellendus et. Rem accusamus aut consequatur et voluptatibus perferendis. Eaque nobis temporibus cum incidunt laudantium accusamus et suscipit.', 'https://via.placeholder.com/640x480.png/008833?text=cum', 'Quis velit dolor non ad eligendi ut sed. Quo dolor et dolorem tenetur at officia officiis. Quisquam quod ipsam consectetur qui maxime sit. Sit magnam libero quos dignissimos.', 7, '2021-03-02 09:06:02', '2021-03-02 09:06:02'),
(79, 'perferendis', 'Repellat et incidunt quae quibusdam quia. Excepturi accusantium ut perferendis molestiae qui. Sed aperiam est neque minima.', 'https://via.placeholder.com/640x480.png/002277?text=nihil', 'Debitis neque illo distinctio fugit. Nobis doloribus voluptatem vel quis officiis vel. Cupiditate omnis velit ut sapiente totam. Autem et neque commodi suscipit dolore.', 1, '2021-03-02 09:06:02', '2021-03-02 09:06:02'),
(80, 'hic', 'Quia est dignissimos perspiciatis. Voluptatem quas et quae pariatur. Doloremque odit expedita aut et perferendis voluptate.', 'https://via.placeholder.com/640x480.png/00dddd?text=cumque', 'A animi optio veritatis in. Fugit nam repellat omnis voluptatem quo maiores. Tempore nesciunt quia est consequatur vero. Assumenda quo eius eum.', 8, '2021-03-02 09:06:02', '2021-03-02 09:06:02'),
(81, 'accusamus', 'Est eum iste dolorum. Voluptatem at exercitationem similique dolorem odio quasi. Amet exercitationem quis aut maxime.', 'https://via.placeholder.com/640x480.png/004499?text=consequuntur', 'Quasi laborum aliquid nostrum tempora. Id quas labore impedit nemo quae sit dignissimos. Explicabo quis nobis nesciunt non iusto.', 4, '2021-03-02 09:06:02', '2021-03-02 09:06:02'),
(82, 'atque', 'Dolorem est veniam qui velit nesciunt cumque aut. Totam laudantium nihil consequuntur in. Tempore consequuntur qui nihil veritatis.', 'https://via.placeholder.com/640x480.png/00bb77?text=distinctio', 'Accusamus similique qui voluptatem sint est. Qui sint natus aut tenetur voluptas asperiores vitae omnis. Ipsam unde sed excepturi.', 2, '2021-03-02 09:06:02', '2021-03-02 09:06:02'),
(83, 'in', 'Voluptatem quia delectus ea odio. Animi consequatur dolor ea sed earum. Debitis aut eos sequi totam sed nesciunt non. Cupiditate voluptas in ad pariatur.', 'https://via.placeholder.com/640x480.png/001122?text=tenetur', 'Consequuntur cupiditate ut magnam occaecati est quibusdam. Enim et accusantium magni molestiae earum vero. Ratione et sequi ducimus repudiandae. Ipsum blanditiis voluptatem cupiditate sit.', 3, '2021-03-02 09:06:02', '2021-03-02 09:06:02'),
(84, 'est', 'Dolore quis cupiditate placeat enim error voluptatem molestiae. Sint saepe in quia. Est similique rerum reiciendis sapiente ducimus illum soluta.', 'https://via.placeholder.com/640x480.png/007700?text=officiis', 'Sed ea ut aut. Et sit beatae ratione id. Exercitationem et similique et enim non commodi. Voluptas tenetur earum eaque vero omnis illum voluptas.', 9, '2021-03-02 09:06:02', '2021-03-02 09:06:02'),
(85, 'est', 'Quo inventore quae laborum. Et quis numquam impedit asperiores enim tenetur. Temporibus maxime molestias ea. Quia et harum dignissimos autem. Nihil expedita facere facere enim eius voluptate.', 'https://via.placeholder.com/640x480.png/0055bb?text=deserunt', 'Qui omnis molestiae iusto nostrum. Voluptatem dolorem quia autem quod dolore. Doloremque ipsam commodi porro dolorem maxime magnam pariatur. Suscipit eaque autem adipisci est et iusto.', 5, '2021-03-02 09:06:02', '2021-03-02 09:06:02'),
(86, 'ut', 'Excepturi exercitationem expedita nulla itaque repellendus necessitatibus. Aliquid quia dignissimos eos itaque sint. Et doloribus velit molestias laborum ipsum.', 'https://via.placeholder.com/640x480.png/00dd99?text=rem', 'Quam repellat minima eos impedit in a. Ipsam eius et velit culpa inventore optio rem. Velit et voluptatem neque amet quia.', 5, '2021-03-02 09:06:02', '2021-03-02 09:06:02'),
(87, 'est', 'Quis quaerat laudantium aut aliquam modi autem in. Sapiente nihil maiores quasi voluptas impedit aut possimus. Et itaque accusamus vitae in dolorum sint.', 'https://via.placeholder.com/640x480.png/008822?text=quod', 'Velit placeat ut voluptas autem. Sint repellendus nihil corrupti quidem et.', 5, '2021-03-02 09:06:02', '2021-03-02 09:06:02'),
(88, 'quia', 'Adipisci sapiente cumque dolorum distinctio. Laudantium aspernatur reiciendis ab autem nihil maiores. Dicta recusandae ratione rem quia.', 'https://via.placeholder.com/640x480.png/006611?text=dolores', 'Quasi qui dolore maiores vel. Voluptas autem inventore accusantium natus omnis eaque distinctio non. Et omnis omnis velit.', 5, '2021-03-02 09:06:02', '2021-03-02 09:06:02'),
(89, 'aut', 'Minima itaque sint molestias qui possimus laboriosam. Ut eum id eos eveniet totam blanditiis tenetur. Fuga iste aliquid qui velit aliquid. Expedita dolores velit sed officia alias.', 'https://via.placeholder.com/640x480.png/00ccee?text=voluptatem', 'Cum est velit itaque. Animi nemo a minus.', 10, '2021-03-02 09:06:02', '2021-03-02 09:06:02'),
(90, 'est', 'Harum possimus quis rerum fuga voluptatem repellat. Neque aut aspernatur voluptatem ipsam provident. Et asperiores optio exercitationem iure. Et aut sit aperiam aspernatur consectetur.', 'https://via.placeholder.com/640x480.png/0099aa?text=quia', 'Asperiores ipsam qui perspiciatis nisi omnis porro nihil. Aut laudantium fugiat hic ullam sapiente est laudantium. Dolores id illo alias soluta. Tenetur facere qui dicta rem quas.', 2, '2021-03-02 09:06:02', '2021-03-02 09:06:02'),
(91, 'aperiam', 'Asperiores sint iste voluptatem et id. Repellat deserunt distinctio suscipit qui ut. Nobis nam sunt nihil temporibus ut repellat. Magni saepe est omnis hic. Sed commodi laboriosam sit.', 'https://via.placeholder.com/640x480.png/0011ff?text=doloribus', 'Illo veniam placeat neque officia dolorum rerum reprehenderit. A ratione maiores explicabo deserunt ipsam et at. Aspernatur dolor reiciendis atque nisi.', 4, '2021-03-02 09:06:02', '2021-03-02 09:06:02'),
(92, 'sit', 'Est officiis dignissimos ut non tenetur esse sit. Tenetur amet est iure porro. Minus ipsa placeat a qui soluta ut quo.', 'https://via.placeholder.com/640x480.png/007733?text=facilis', 'Quia optio quia quod id in quos laboriosam. Nihil ab aut totam vel sunt. Omnis dolore non consequatur deleniti. Et enim sint harum laudantium iure.', 1, '2021-03-02 09:06:02', '2021-03-02 09:06:02'),
(93, 'quae', 'Ea laborum ut dolore voluptatem eligendi. Non quia vitae voluptates sit magni excepturi laudantium.', 'https://via.placeholder.com/640x480.png/00bb77?text=nam', 'Incidunt cupiditate qui vitae. Fugiat ut quia magnam facere. Ab ut soluta dolorem earum et eum inventore omnis. Quas modi in aut nostrum dolor et.', 8, '2021-03-02 09:06:02', '2021-03-02 09:06:02'),
(94, 'placeat', 'Non quisquam laudantium quo molestiae culpa. Laboriosam quo ea similique quisquam at culpa. Minus earum et qui maiores.', 'https://via.placeholder.com/640x480.png/0088ee?text=dolorem', 'Eius dolorem et inventore beatae non. Eum hic molestiae earum est exercitationem quia. Impedit et exercitationem neque. Voluptas est voluptates aut rerum ipsum vel.', 3, '2021-03-02 09:06:02', '2021-03-02 09:06:02'),
(95, 'recusandae', 'Tempore commodi ipsum quia ut aliquam. Vitae qui odio veritatis nesciunt cumque quo aut. Sed est repellat quibusdam molestiae sapiente aut ut. Ut accusamus et distinctio quia at.', 'https://via.placeholder.com/640x480.png/00bb88?text=alias', 'Repellat facilis dolorem recusandae id aliquid. Sunt incidunt recusandae facere qui voluptatem. Fugit quibusdam molestiae nihil nihil id distinctio. Labore amet laboriosam iure dolores.', 1, '2021-03-02 09:06:02', '2021-03-02 09:06:02'),
(96, 'delectus', 'Quasi iste quo quibusdam et illo esse nesciunt. Sed enim voluptatem iusto quos aut et. Assumenda sit autem inventore non sunt commodi nihil. Quis ea quos suscipit nulla quisquam.', 'https://via.placeholder.com/640x480.png/0077ff?text=consequuntur', 'Molestiae sed mollitia cupiditate aut. Eum in ex nobis eum. Voluptatem est quos aut nisi ullam et. Doloribus earum voluptatem eum quo maxime.', 6, '2021-03-02 09:06:02', '2021-03-02 09:06:02'),
(97, 'rerum', 'Molestias ut perspiciatis cumque omnis. Natus nihil quia hic culpa natus quia consequatur. Et fugiat hic id.', 'https://via.placeholder.com/640x480.png/006699?text=odit', 'Dolores quis vel earum laudantium consequuntur earum. Rerum accusantium voluptatem officia provident. Dolores nam incidunt ratione.', 10, '2021-03-02 09:06:02', '2021-03-02 09:06:02'),
(98, 'autem', 'Ipsa rerum optio assumenda qui nihil et. Similique at assumenda ea libero voluptatibus autem. Assumenda impedit earum sapiente dolorum quia aut.', 'https://via.placeholder.com/640x480.png/004422?text=minus', 'Ab officiis sit alias inventore quod omnis sed totam. Eum dolores velit eligendi. Distinctio in assumenda veniam corrupti. Cumque itaque laboriosam adipisci incidunt voluptatem magnam.', 9, '2021-03-02 09:06:02', '2021-03-02 09:06:02'),
(99, 'quidem', 'Eligendi id nobis aut ut qui non dolore in. Omnis rem est odit omnis. Eligendi laboriosam quo est repellat et doloremque aut occaecati.', 'https://via.placeholder.com/640x480.png/00bbaa?text=laborum', 'Aut maiores ipsum et autem commodi aut. Nulla qui qui alias dignissimos qui qui asperiores ea. Minima aut harum ut fuga nulla ipsam. Ea suscipit neque odio architecto totam corrupti.', 4, '2021-03-02 09:06:03', '2021-03-02 09:06:03'),
(100, 'eum', 'Et aspernatur fuga est. Quae sit impedit natus autem et cum recusandae. Ea est rerum sed voluptas aperiam at.', 'https://via.placeholder.com/640x480.png/0044cc?text=ea', 'Est quo reprehenderit temporibus temporibus eos. Laudantium fuga earum ab et non maxime aliquid. Ex eveniet ut rem iusto dolorem.', 10, '2021-03-02 09:06:03', '2021-03-02 09:06:03'),
(101, 'Post test', 'Ovo je test', 'images/post/BYXRPY7Y0PKXVXZwgUZWEW0OD19BDNS5f6TsSkm9.jpg', 'sdadasdaads', 11, '2021-03-02 12:04:13', '2021-03-02 12:04:13'),
(102, 'Post test', 'Ovo je test', 'images/post/Jfnf3VEZCJOyjwypVZY4s6FkvjxUNRh028odYXxg.jpg', 'sdadasdaads', 11, '2021-03-02 12:05:33', '2021-03-02 12:05:33'),
(103, 'Post test', 'Ovo je test', 'images/post/XOzEKwdbUjcUyXr8HFRllMqH9t8wnB25iC79vqQD.jpg', 'sdadasdaads', 11, '2021-03-02 12:06:52', '2021-03-02 12:06:52'),
(104, 'Post test', 'Ovo je test', 'images/post/ggliFlEt68wICi42D6QjR7RNpV3DF2p8BF0d1ZM2.jpg', 'sdadasdaads', 11, '2021-03-02 12:07:25', '2021-03-02 12:07:25'),
(105, 'Post test', 'Ovo je test', 'images/post/j48SVlZyauBRpDyikVJcPZRgtebsdITnpheRQvbh.jpg', 'sdadasdaads', 11, '2021-03-02 12:08:20', '2021-03-02 12:08:20'),
(106, 'Post test', 'Ovo je test', 'images/post/B1BSsDYlTOmCQimHkyGXIrdLFzrVM2LLHhK9Cce1.jpg', 'sdadasdaads', 11, '2021-03-02 12:08:36', '2021-03-02 12:08:36'),
(107, 'Post test', 'Ovo je test', 'images/post/vRaMpef8tALvlc0bbfFmRGK5hVkIr14xM9NBUCsb.jpg', 'sdadasdaads', 11, '2021-03-02 12:10:06', '2021-03-02 12:10:06'),
(108, 'Post test', 'Ovo je test', 'images/post/Z7hvfgIdz0ihrh32oMu6vUFrS80L3Ur0LMOtlhfn.jpg', 'sdadasdaads', 11, '2021-03-02 12:11:28', '2021-03-02 12:11:28'),
(109, 'Post test', 'Ovo je test', 'images/post/S7OaJANYUPYDEPoqT9nWPmEodYPOaOIEwV2T506k.jpg', 'sdadasdaads', 11, '2021-03-02 12:15:27', '2021-03-02 12:15:27'),
(110, 'Post test', 'Ovo je test', 'images/post/j9Qgxts6WE49lronJ15Z7oJqK44gpgnM5U4x8gfE.jpg', 'sdadasdaads', 11, '2021-03-02 12:16:00', '2021-03-02 12:16:00'),
(111, 'sdadada', 'sdada', 'images/post/OmOFRE6ua1nW7frFxc6gsvA9mg6227tuXSyH2LVr.jpg', 'dasdada', 11, '2021-03-02 12:35:53', '2021-03-02 12:35:53'),
(112, 'Post test', 'sakadkjdasdasjh', 'images/post/f1ftn5MzOXryPXk3U9QVeuGGkypijwXBz86uLdCe.jpg', 'sdjjfhaskjfkasfa', 11, '2021-03-02 13:52:43', '2021-03-02 13:52:43');

-- --------------------------------------------------------

--
-- Table structure for table `questions`
--

CREATE TABLE `questions` (
  `id` bigint(20) UNSIGNED NOT NULL,
  `user_id` bigint(20) UNSIGNED NOT NULL,
  `email` varchar(255) COLLATE utf8mb4_unicode_ci NOT NULL,
  `text` text COLLATE utf8mb4_unicode_ci NOT NULL,
  `created_at` timestamp NULL DEFAULT NULL,
  `updated_at` timestamp NULL DEFAULT NULL
) ENGINE=InnoDB DEFAULT CHARSET=utf8mb4 COLLATE=utf8mb4_unicode_ci;

-- --------------------------------------------------------

--
-- Table structure for table `roles`
--

CREATE TABLE `roles` (
  `id` bigint(20) UNSIGNED NOT NULL,
  `name` varchar(255) COLLATE utf8mb4_unicode_ci NOT NULL,
  `created_at` timestamp NULL DEFAULT NULL,
  `updated_at` timestamp NULL DEFAULT NULL
) ENGINE=InnoDB DEFAULT CHARSET=utf8mb4 COLLATE=utf8mb4_unicode_ci;

--
-- Dumping data for table `roles`
--

INSERT INTO `roles` (`id`, `name`, `created_at`, `updated_at`) VALUES
(1, 'Admin', '2021-03-02 09:05:57', '2021-03-02 09:05:57'),
(2, 'User', '2021-03-02 09:05:58', '2021-03-02 09:05:58');

-- --------------------------------------------------------

--
-- Table structure for table `users`
--

CREATE TABLE `users` (
  `id` bigint(20) UNSIGNED NOT NULL,
  `name` varchar(255) COLLATE utf8mb4_unicode_ci NOT NULL,
  `email` varchar(255) COLLATE utf8mb4_unicode_ci NOT NULL,
  `email_verified_at` timestamp NULL DEFAULT NULL,
  `last_login` timestamp NULL DEFAULT NULL,
  `role_id` bigint(20) UNSIGNED NOT NULL,
  `password` varchar(255) COLLATE utf8mb4_unicode_ci NOT NULL,
  `avatar` varchar(255) COLLATE utf8mb4_unicode_ci DEFAULT NULL,
  `remember_token` varchar(100) COLLATE utf8mb4_unicode_ci DEFAULT NULL,
  `created_at` timestamp NULL DEFAULT NULL,
  `updated_at` timestamp NULL DEFAULT NULL
) ENGINE=InnoDB DEFAULT CHARSET=utf8mb4 COLLATE=utf8mb4_unicode_ci;

--
-- Dumping data for table `users`
--

INSERT INTO `users` (`id`, `name`, `email`, `email_verified_at`, `last_login`, `role_id`, `password`, `avatar`, `remember_token`, `created_at`, `updated_at`) VALUES
(1, 'Sebastian Greenfelder', 'bernadine.botsford@kub.com', NULL, NULL, 2, '$2y$10$ZlV0VsQky83ByfNXC6DR6euW9wICIV0XV0/2/FSAta.R9pfSqV2HG', NULL, NULL, NULL, NULL),
(2, 'Amelia Hansen', 'nikola@gmail.com', NULL, '2021-03-02 10:37:34', 2, '$2y$10$TKOem2lqIsrC2bzReYCMlOGdZSqYrYNN8HHUgrOJZI6mYCWE/r0kW', NULL, NULL, NULL, '2021-03-02 13:50:03'),
(3, 'May Ebert', 'dexter.dooley@yahoo.com', NULL, NULL, 2, '$2y$10$AbUzAjZzUPsalXqTdDO3d.dG.2TJO.GyOC8CKuuLN/FEnZmY.Xpqu', NULL, NULL, NULL, NULL),
(4, 'Jedidiah Nolan', 'kulas.shaina@hotmail.com', NULL, NULL, 2, '$2y$10$D9zY9WvaD0LhIEgGzxfzHuhYfsNhwYGZRuO1SL5BVWDLxvc.Tu60a', NULL, NULL, NULL, NULL),
(5, 'Ara Kub', 'sallie.runolfsdottir@feeney.com', NULL, NULL, 2, '$2y$10$i5CLHNrckaGOU1lv0bEvlOjrXt4ZKTMmAWMl3r/yXbQp3GNUzrRCS', NULL, NULL, NULL, NULL),
(6, 'Prof. Jalyn Goldner', 'cleveland58@hotmail.com', NULL, NULL, 2, '$2y$10$SKiSDckL2pdUStpIaF51wO7gMUgdPXCoU1Zd7N0aQEY1m/OpmQlca', NULL, NULL, NULL, NULL),
(7, 'Justice Hamill', 'roberts.esther@hotmail.com', NULL, NULL, 2, '$2y$10$LDUvwLnVaqOdSEMyW1E7MOjGfpO9VAk2mzjY282wC6cEOZSFICC0S', NULL, NULL, NULL, NULL),
(8, 'Sammie Lubowitz', 'monserrate59@gmail.com', NULL, NULL, 2, '$2y$10$Hbq8YgLH/uLj9Fj/Ps8U5OerYjEw5youSrlmvzUWnbmLZs49AVTfm', NULL, NULL, NULL, NULL),
(9, 'Dannie Medhurst Jr.', 'toy.karley@yahoo.com', NULL, NULL, 2, '$2y$10$Svv//qqTGztat14f.4/zRuzftF7a8P1gGX7qd0CFhYT3XqAEUoh5u', NULL, NULL, NULL, NULL),
(10, 'Gideon Crona', 'jlubowitz@gmail.com', NULL, NULL, 2, '$2y$10$aZaatmsftWpTNLc5ghQwRuWzpODh/zlwaWd.oM9nR77hh3pssyy2a', NULL, NULL, NULL, NULL),
(11, 'Milan Eic2', 'milaaneic@gmail.com', NULL, '2021-03-05 11:46:58', 1, '$2y$10$kXtovTmFNQA5U.OqIXIVfOJN.fwuXfHhGemFRj/9S6Qcz9RckfFvq', 'storage/images/avatar/wD2Ld50nedLj2NDuFQ9EkwsBMgNyUJm7ntC53ZOw.jpg', NULL, '2021-03-02 09:16:37', '2021-03-05 11:46:58'),
(14, 'Milan Ei', 'eic@gmail.com', NULL, '2021-03-05 12:23:08', 1, '$2y$10$5KK7tYvMD2uBDbIp/SSmGuSyqU.iTnzHUPoPrS608Fxqkk/YveDjm', NULL, NULL, '2021-03-05 11:48:05', '2021-03-05 12:23:08');

--
-- Indexes for dumped tables
--

--
-- Indexes for table `categories`
--
ALTER TABLE `categories`
  ADD PRIMARY KEY (`id`);

--
-- Indexes for table `category_post`
--
ALTER TABLE `category_post`
  ADD PRIMARY KEY (`category_id`,`post_id`),
  ADD KEY `category_post_post_id_foreign` (`post_id`);

--
-- Indexes for table `comments`
--
ALTER TABLE `comments`
  ADD PRIMARY KEY (`id`),
  ADD KEY `comments_user_id_foreign` (`user_id`),
  ADD KEY `comments_post_id_foreign` (`post_id`);

--
-- Indexes for table `failed_jobs`
--
ALTER TABLE `failed_jobs`
  ADD PRIMARY KEY (`id`);

--
-- Indexes for table `logs`
--
ALTER TABLE `logs`
  ADD PRIMARY KEY (`id`),
  ADD KEY `logs_user_id_foreign` (`user_id`),
  ADD KEY `logs_logs_type_id_foreign` (`logs_type_id`);

--
-- Indexes for table `logs_types`
--
ALTER TABLE `logs_types`
  ADD PRIMARY KEY (`id`);

--
-- Indexes for table `menus`
--
ALTER TABLE `menus`
  ADD PRIMARY KEY (`id`);

--
-- Indexes for table `migrations`
--
ALTER TABLE `migrations`
  ADD PRIMARY KEY (`id`);

--
-- Indexes for table `password_resets`
--
ALTER TABLE `password_resets`
  ADD KEY `password_resets_email_index` (`email`);

--
-- Indexes for table `posts`
--
ALTER TABLE `posts`
  ADD PRIMARY KEY (`id`),
  ADD KEY `posts_user_id_foreign` (`user_id`);

--
-- Indexes for table `questions`
--
ALTER TABLE `questions`
  ADD PRIMARY KEY (`id`),
  ADD KEY `questions_user_id_foreign` (`user_id`);

--
-- Indexes for table `roles`
--
ALTER TABLE `roles`
  ADD PRIMARY KEY (`id`);

--
-- Indexes for table `users`
--
ALTER TABLE `users`
  ADD PRIMARY KEY (`id`),
  ADD UNIQUE KEY `users_email_unique` (`email`),
  ADD KEY `users_role_id_foreign` (`role_id`);

--
-- AUTO_INCREMENT for dumped tables
--

--
-- AUTO_INCREMENT for table `categories`
--
ALTER TABLE `categories`
  MODIFY `id` bigint(20) UNSIGNED NOT NULL AUTO_INCREMENT, AUTO_INCREMENT=9;

--
-- AUTO_INCREMENT for table `comments`
--
ALTER TABLE `comments`
  MODIFY `id` bigint(20) UNSIGNED NOT NULL AUTO_INCREMENT, AUTO_INCREMENT=201;

--
-- AUTO_INCREMENT for table `failed_jobs`
--
ALTER TABLE `failed_jobs`
  MODIFY `id` bigint(20) UNSIGNED NOT NULL AUTO_INCREMENT;

--
-- AUTO_INCREMENT for table `logs`
--
ALTER TABLE `logs`
  MODIFY `id` bigint(20) UNSIGNED NOT NULL AUTO_INCREMENT, AUTO_INCREMENT=41;

--
-- AUTO_INCREMENT for table `logs_types`
--
ALTER TABLE `logs_types`
  MODIFY `id` bigint(20) UNSIGNED NOT NULL AUTO_INCREMENT, AUTO_INCREMENT=17;

--
-- AUTO_INCREMENT for table `menus`
--
ALTER TABLE `menus`
  MODIFY `id` bigint(20) UNSIGNED NOT NULL AUTO_INCREMENT;

--
-- AUTO_INCREMENT for table `migrations`
--
ALTER TABLE `migrations`
  MODIFY `id` int(10) UNSIGNED NOT NULL AUTO_INCREMENT, AUTO_INCREMENT=14;

--
-- AUTO_INCREMENT for table `posts`
--
ALTER TABLE `posts`
  MODIFY `id` bigint(20) UNSIGNED NOT NULL AUTO_INCREMENT, AUTO_INCREMENT=113;

--
-- AUTO_INCREMENT for table `questions`
--
ALTER TABLE `questions`
  MODIFY `id` bigint(20) UNSIGNED NOT NULL AUTO_INCREMENT;

--
-- AUTO_INCREMENT for table `roles`
--
ALTER TABLE `roles`
  MODIFY `id` bigint(20) UNSIGNED NOT NULL AUTO_INCREMENT, AUTO_INCREMENT=3;

--
-- AUTO_INCREMENT for table `users`
--
ALTER TABLE `users`
  MODIFY `id` bigint(20) UNSIGNED NOT NULL AUTO_INCREMENT, AUTO_INCREMENT=15;

--
-- Constraints for dumped tables
--

--
-- Constraints for table `category_post`
--
ALTER TABLE `category_post`
  ADD CONSTRAINT `category_post_category_id_foreign` FOREIGN KEY (`category_id`) REFERENCES `categories` (`id`) ON DELETE CASCADE,
  ADD CONSTRAINT `category_post_post_id_foreign` FOREIGN KEY (`post_id`) REFERENCES `posts` (`id`) ON DELETE CASCADE;

--
-- Constraints for table `comments`
--
ALTER TABLE `comments`
  ADD CONSTRAINT `comments_post_id_foreign` FOREIGN KEY (`post_id`) REFERENCES `posts` (`id`) ON DELETE CASCADE,
  ADD CONSTRAINT `comments_user_id_foreign` FOREIGN KEY (`user_id`) REFERENCES `users` (`id`) ON DELETE CASCADE;

--
-- Constraints for table `logs`
--
ALTER TABLE `logs`
  ADD CONSTRAINT `logs_logs_type_id_foreign` FOREIGN KEY (`logs_type_id`) REFERENCES `logs_types` (`id`) ON DELETE CASCADE,
  ADD CONSTRAINT `logs_user_id_foreign` FOREIGN KEY (`user_id`) REFERENCES `users` (`id`) ON DELETE CASCADE;

--
-- Constraints for table `posts`
--
ALTER TABLE `posts`
  ADD CONSTRAINT `posts_user_id_foreign` FOREIGN KEY (`user_id`) REFERENCES `users` (`id`) ON DELETE CASCADE;

--
-- Constraints for table `questions`
--
ALTER TABLE `questions`
  ADD CONSTRAINT `questions_user_id_foreign` FOREIGN KEY (`user_id`) REFERENCES `users` (`id`) ON DELETE CASCADE;

--
-- Constraints for table `users`
--
ALTER TABLE `users`
  ADD CONSTRAINT `users_role_id_foreign` FOREIGN KEY (`role_id`) REFERENCES `roles` (`id`) ON DELETE CASCADE;
COMMIT;

/*!40101 SET CHARACTER_SET_CLIENT=@OLD_CHARACTER_SET_CLIENT */;
/*!40101 SET CHARACTER_SET_RESULTS=@OLD_CHARACTER_SET_RESULTS */;
/*!40101 SET COLLATION_CONNECTION=@OLD_COLLATION_CONNECTION */;
